BookingID,Canceled
16833,1
12997,0
14155,0
20538,1
33756,1
13118,0
15665,0
10601,0
22766,0
26845,0
36729,0
36247,0
39392,1
28080,0
17889,0
13789,0
17738,0
37433,0
14067,0
37585,0
19728,0
27425,0
31002,1
17810,1
15575,0
11563,0
36584,0
28541,0
19225,0
10880,0
37589,0
15675,0
30882,0
25458,0
37648,1
19325,0
34440,0
28775,0
29564,0
37588,0
32168,1
36796,0
17556,1
26619,0
26478,0
25047,0
19658,0
15113,0
33120,0
15501,0
20000,0
12645,0
27332,0
27268,0
21259,0
23537,0
25337,0
30125,0
15796,0
16611,0
21520,0
27081,0
21079,0
39014,0
26021,1
39342,0
18101,0
20940,0
26635,0
13045,0
39907,1
24290,0
12223,0
37075,0
15067,0
22280,1
31318,0
13181,0
11139,0
14322,0
35392,1
10909,0
24909,0
27779,0
33942,0
19681,1
15320,0
30777,0
38052,0
31746,0
39296,0
37765,0
27227,0
21481,0
35429,0
35874,1
36109,0
15079,1
14095,1
36396,0
30182,0
11348,0
26931,0
10902,0
18488,1
24801,0
22756,0
34170,0
20473,1
12684,0
39449,0
22334,0
31845,0
27387,0
19070,0
19578,1
22740,1
29878,0
17354,0
23830,0
27497,0
19205,1
24733,0
15619,0
16942,0
26735,0
26618,0
29838,1
23432,1
17591,0
25270,0
16192,0
35470,1
32406,0
29783,0
22383,0
24391,0
29732,1
29386,1
11779,1
28739,0
30863,0
21314,0
39248,0
25848,0
38873,1
17539,1
37145,1
38549,0
22389,0
25453,0
12110,1
13533,0
39025,1
27312,0
34734,0
37020,0
32466,1
33515,0
18360,0
39201,0
25250,1
29557,0
25808,1
15318,1
22030,0
10634,1
24514,1
17286,1
18295,0
16587,1
23657,1
30192,1
13693,0
39465,0
39400,0
19488,1
34798,0
29017,0
19540,0
39065,0
24035,0
37405,0
20504,0
12844,0
30160,0
16203,1
31187,0
27201,0
32377,0
10932,1
29927,0
37823,0
32205,1
31293,1
20900,0
10171,0
27979,0
26128,1
28424,0
10873,0
27066,1
25950,0
18305,0
21337,0
23954,0
19057,1
26058,1
21753,1
31085,1
14917,0
36949,0
16796,0
36838,1
25032,0
25366,0
10470,1
21022,0
25495,0
39502,1
35626,1
30923,0
29827,1
10407,0
14799,0
24959,1
14308,0
22707,0
23285,0
31559,1
34533,1
29956,0
24009,0
25742,0
14184,0
10086,1
23415,1
37773,0
32341,0
18353,1
18322,0
12575,0
37374,0
11201,0
30893,0
11787,1
26793,0
15305,0
27088,1
39954,0
39561,1
12055,0
35713,0
10742,1
38558,1
34708,0
10367,1
38270,0
21065,1
30798,0
11218,0
37042,0
25304,1
11269,0
32861,0
16832,1
25344,1
17697,0
39355,0
11293,0
14791,0
25834,1
28973,0
17796,0
13555,0
24393,1
29503,1
17769,0
23113,0
28165,0
32111,0
16121,0
38890,0
32841,1
28409,0
31438,0
17272,0
26209,0
14516,0
30458,0
39422,1
34853,0
21094,0
28290,0
34141,0
38287,0
29222,0
25291,0
12040,0
37618,0
19350,1
20996,1
22953,0
21612,0
21843,0
28486,0
13941,1
25074,1
10538,0
10759,0
33425,0
37502,1
31705,0
17380,0
10363,0
18665,0
36102,0
15972,1
18498,0
37009,0
15732,0
17666,0
30181,0
15357,0
33446,0
33552,0
23643,1
35579,0
13541,0
35379,0
11576,0
36320,0
21591,1
34435,0
28277,0
25486,0
31448,0
25933,0
20711,1
28147,1
22210,0
38637,0
29847,1
34587,0
32790,1
14918,0
21844,1
25998,0
36082,0
18055,0
22205,1
12876,1
35896,0
28123,0
27451,0
38756,0
13133,0
13495,0
15015,0
37850,1
24098,0
28345,0
10029,0
18769,0
24534,0
15617,1
28125,0
35165,0
29724,1
19259,0
36303,0
11462,0
22423,0
22468,0
11322,0
20361,1
10961,1
25769,0
32607,0
31877,0
10571,0
13397,0
33838,1
29523,0
26591,0
34317,0
37643,1
32864,0
22592,0
10426,1
12064,0
18510,1
11456,0
35493,0
25005,1
15253,0
26112,0
33036,0
11356,0
10588,0
11508,0
32133,0
37997,1
33283,1
37770,0
35596,0
25930,0
10570,1
35524,0
20331,0
35507,1
31272,1
27245,1
16441,0
12505,0
26494,0
39631,0
38532,0
14291,0
12427,1
15368,0
20842,0
18479,0
31506,0
30447,0
20639,1
38168,0
12985,0
32046,0
19089,0
34901,0
33088,0
13831,0
36658,1
14294,0
13425,0
37300,1
37712,1
12053,0
15486,1
25151,0
31416,1
22872,1
36249,0
33701,1
33835,1
36859,1
25891,0
27386,0
11566,1
34968,0
35354,0
31884,1
36379,1
18960,0
39983,0
13807,0
21401,0
22316,0
32345,1
31452,0
32372,1
29848,0
17820,1
31855,0
18511,0
25829,0
34300,0
13000,0
11684,0
25439,0
20776,1
36305,0
28926,0
18557,1
35159,1
36985,0
11032,0
31089,1
23166,1
37520,0
15657,0
18783,0
23736,0
36790,0
15674,1
30824,0
20803,1
21018,1
36275,0
18048,0
12982,0
31407,0
32876,0
20385,0
11872,0
38432,0
14617,1
24209,0
15179,1
27087,0
15552,0
20959,0
14197,1
21121,0
28651,0
24515,0
26380,0
11409,0
27309,1
11001,0
28660,0
25629,1
12406,1
14743,1
35322,0
18338,1
12764,0
35575,1
33441,0
30753,1
24956,0
31232,0
38922,0
34705,0
29720,0
20691,1
29368,0
13455,0
20289,0
39548,0
33327,1
15402,0
19360,1
31124,1
29734,0
31570,0
38465,1
38824,1
38222,1
24371,1
16550,0
28572,0
34737,0
10181,0
38866,1
10983,0
34018,0
31207,0
19422,0
31280,0
12409,0
39126,0
29629,0
22135,0
27848,1
15458,0
24990,0
38491,0
27099,0
28743,0
20766,0
28600,0
18091,1
19706,0
25062,0
27764,1
20736,1
18824,0
36165,0
23268,1
30982,0
38913,0
27089,0
14859,1
25492,1
17136,1
37498,0
23233,1
10198,0
17182,0
15506,1
25850,0
39136,1
26147,0
30527,1
27623,0
39235,1
34884,0
36199,0
35057,0
15416,1
39352,1
37964,1
17409,1
35336,0
18489,0
23257,1
33513,0
23011,1
11825,1
27520,0
26887,0
20686,0
19632,0
10750,1
13487,1
23135,0
20009,1
18067,0
36720,0
11729,1
38539,0
27961,1
15945,1
35326,0
34830,0
31961,0
22187,0
12662,0
20745,1
26547,0
33791,1
28077,1
29387,0
22873,0
26744,0
30091,1
35735,0
30528,0
26272,1
30966,0
19340,0
26565,1
17516,0
21818,0
39899,0
10778,0
19947,1
19076,1
35863,1
25361,0
29352,0
27233,0
18316,0
30343,1
30567,0
39807,0
32652,0
29468,1
24334,0
30254,1
39316,0
34865,0
18676,0
15817,1
17333,0
21620,0
30064,0
11596,0
20770,1
25757,0
31744,0
23282,0
23059,0
36520,0
18068,1
36692,0
28246,0
28347,0
17775,0
32791,0
30015,0
22085,1
34125,0
37197,0
28511,0
29380,0
10721,1
14924,0
31284,0
32956,0
36824,0
15280,0
11578,1
25209,0
30459,0
21342,0
14893,0
33030,0
15933,0
38235,0
25546,0
37816,1
38761,0
23527,0
36921,0
26460,0
23710,0
32081,0
34951,0
28429,0
38897,0
30808,0
15731,0
36298,0
31874,0
19025,0
19060,0
39417,1
29735,0
25391,1
29852,1
17348,0
33822,0
25147,0
20756,0
25218,0
30437,0
13680,0
12919,0
34136,1
37553,0
19624,1
22284,0
32454,1
33356,0
37198,0
12574,0
17414,0
23818,0
39397,1
10812,0
27284,1
10282,0
12090,0
26224,1
17344,1
22932,0
25783,1
28516,0
23615,1
19573,1
18902,0
24705,0
14433,0
11733,1
26482,1
29078,0
13056,0
16445,1
39510,0
26676,1
39797,0
28624,0
25397,0
14664,1
17816,1
26804,0
13218,0
21289,0
38511,0
35701,1
17279,1
27235,0
12275,0
13149,0
12596,0
24722,0
34893,1
17662,0
34707,1
37751,0
17393,0
30612,0
25981,0
14185,0
10887,0
14884,1
22629,0
18839,1
24560,0
18768,0
11709,0
23434,0
12631,0
23595,0
34944,1
32808,0
11316,1
11061,1
21900,0
36893,1
23014,1
26009,0
22077,0
14560,0
32149,1
22548,1
19191,0
27415,0
27069,1
20547,1
28680,1
21704,0
35182,0
20833,0
15136,0
23108,0
39077,0
15205,1
30145,1
25355,0
19845,0
38838,0
32747,0
27893,0
31567,0
22802,1
18179,0
35523,0
17490,0
15944,1
26940,1
33463,1
35391,1
26568,1
12328,1
22446,0
36872,0
25069,0
37830,0
18457,1
37319,0
16456,0
18104,0
15730,0
19315,0
24702,0
13049,1
37923,1
23760,1
20068,1
13420,0
17068,0
30514,0
11437,0
36829,0
36351,0
32656,0
20458,0
19685,1
27321,1
39734,1
29272,0
34449,1
31780,0
22229,0
34188,0
20557,0
14334,0
24642,1
35762,0
16729,0
35158,0
37274,1
35025,1
27679,0
22422,1
27577,0
10122,0
37160,0
28442,0
27095,0
30900,0
32945,0
11774,1
36378,0
32931,0
20468,0
18743,0
36254,0
36947,1
30851,0
39799,0
17943,0
30517,0
31257,0
34635,1
33974,0
17265,0
14700,0
31189,0
15476,1
19900,1
24579,1
24340,0
29281,1
20608,0
23057,1
26916,1
18141,0
22147,1
14634,0
26834,0
18009,0
23806,0
27006,0
30347,0
37008,0
23700,1
17669,0
35831,0
36941,0
24463,0
34684,0
11692,0
16129,0
32995,0
28443,1
28085,0
16524,1
19992,0
28046,1
27230,1
20581,0
33115,0
18574,0
25523,0
15773,0
25776,0
33987,1
22970,0
29678,0
24192,0
29445,0
35619,0
25813,0
15837,1
27215,0
34444,1
23404,0
39356,1
28244,0
17544,0
28376,0
29092,0
35850,1
17126,0
21264,1
33032,1
33776,0
28892,0
14337,0
37462,1
33819,0
37722,1
14232,0
32613,0
35474,0
38642,1
16629,0
17957,0
18581,0
38535,1
36654,0
13085,0
32681,0
11761,0
31034,0
11438,1
18871,0
17523,0
28990,0
11789,0
34158,0
34113,0
22969,0
39695,0
12962,0
16603,1
35397,0
39804,0
21681,1
39336,1
32802,1
37295,0
15531,0
20809,0
34250,0
16606,0
30618,1
11803,0
27455,1
33832,1
20922,0
22550,0
30843,0
11853,0
17361,0
14903,1
12461,0
26121,0
24250,1
34457,0
26980,0
33853,0
19530,0
13948,0
26651,0
10137,0
24738,0
17395,0
24208,0
11235,1
35061,0
22016,0
21895,0
23026,0
21776,0
25522,0
14249,0
17240,1
33587,0
16929,0
36942,1
13043,1
21809,0
20835,0
23095,1
29650,0
21394,1
30241,0
17091,1
30816,1
30253,0
37799,0
37271,1
30048,0
38768,1
33434,0
20329,0
13882,0
36580,0
10690,0
21983,0
33348,0
11827,0
31995,0
10427,0
15360,1
18371,1
23666,0
13982,0
34098,1
17650,0
13388,1
12404,0
26731,1
18888,0
32899,0
15436,0
31268,0
25708,0
14413,0
33442,1
35510,1
17302,0
21870,0
37148,1
27564,1
32717,0
25452,0
29201,0
31972,1
36683,0
13151,0
12308,0
31840,0
25065,1
14726,0
24648,0
23199,0
35807,1
11436,1
32079,0
35240,0
21435,0
21168,0
16768,1
35861,0
17906,1
16546,0
11572,1
27505,0
34215,0
14713,0
26660,0
33909,0
39292,0
19104,0
36441,0
25286,1
16597,1
37090,0
24216,0
38529,0
25894,0
12117,1
18124,0
21710,0
17581,0
22114,0
38364,1
14123,0
10413,0
21772,0
19978,0
36975,0
11216,1
29922,0
22837,0
37087,0
14281,0
28044,0
23734,0
34187,0
32321,0
10293,1
15789,1
26956,0
34641,0
17728,0
22902,0
36252,0
35205,0
30838,0
21864,0
24980,0
36211,1
34436,0
39587,0
28645,0
24689,0
19361,1
34006,0
34674,1
10055,0
32996,1
21890,1
24159,0
10711,0
33568,1
19117,0
36731,1
34719,0
37932,1
33798,1
21630,0
13601,0
31592,1
24423,0
28441,0
39790,0
29987,1
32677,0
24982,1
26875,0
13258,0
16879,1
38584,1
27802,0
15914,0
13969,0
10682,0
29133,0
15745,0
30668,0
33248,1
34251,0
15892,0
28957,1
27351,0
38846,1
38264,0
36528,0
28144,0
17622,0
18779,0
17589,0
24468,1
16806,1
30102,0
25160,1
37310,1
20359,0
14041,0
21109,0
27335,1
36429,0
22894,1
12434,1
36059,1
21434,0
11502,1
30898,1
36719,1
23379,0
10505,0
18470,0
15319,0
32775,0
31753,1
20716,1
28513,0
17720,0
14061,0
17434,0
11078,1
25427,1
29489,0
32818,1
23008,0
31315,0
15296,0
29487,0
23417,0
27645,1
15198,0
39661,1
36842,0
30061,1
13491,0
32917,0
11035,0
28097,0
26239,1
37685,0
25610,0
22939,0
25052,1
17099,0
15505,1
35925,1
15127,1
32032,1
10129,1
13369,1
26276,0
13046,0
34506,1
10387,0
18858,1
37931,1
37803,0
33597,0
38500,0
26723,1
18197,0
38582,0
26412,0
31741,1
12628,0
23195,1
12216,1
18077,0
28157,1
33486,1
10577,0
15682,0
13866,0
27361,0
35357,0
32994,1
20926,1
23649,1
15224,0
22154,0
29669,0
10948,0
19609,0
26921,0
30669,0
13709,0
22965,1
27206,1
14745,1
36881,0
20585,0
21558,0
38608,0
33069,1
10931,0
15151,0
19197,0
31512,0
28081,1
30462,1
21294,0
29778,0
37474,0
30624,0
18544,0
36012,0
15044,0
37432,1
14493,0
20349,1
14423,0
33870,1
17625,1
24115,0
32222,0
15481,1
35132,0
27521,0
29401,1
24883,0
26567,0
36678,1
21271,1
28261,1
35083,1
19290,0
28631,0
10808,1
27653,0
18977,1
33280,1
24000,0
25664,1
28203,0
13836,1
11022,1
20637,0
33738,0
38872,1
34454,1
18300,0
31902,1
26737,1
38841,0
22177,1
17225,1
13013,1
28906,1
21825,0
18982,1
30317,1
38997,0
10022,0
26520,1
15430,0
36548,0
25835,0
36192,0
10976,1
39705,0
39343,1
26774,0
12382,0
35644,0
23919,0
21363,0
27612,0
16690,1
38109,0
15391,0
26948,0
29822,0
39078,0
22356,0
35229,1
18435,0
19858,0
12147,0
28452,0
24162,0
15087,0
28692,0
12187,1
15080,1
12142,0
26730,0
20674,0
25425,0
36332,0
15219,0
36994,0
38333,0
37674,0
21604,0
18200,1
36134,1
19918,0
22395,0
16305,0
17917,0
11513,1
21107,0
10237,0
23708,0
22551,0
27713,1
29446,0
33218,0
19822,1
37662,0
22045,0
29809,1
31639,0
14873,1
10526,1
34020,1
27579,0
29404,0
38510,1
36341,0
30234,1
33056,0
39477,0
38449,0
34030,0
13678,0
38482,0
29743,0
33583,1
19889,1
30017,0
27131,0
32545,1
36884,0
39204,0
13299,0
29431,0
15571,0
21744,1
38442,0
22115,0
22790,1
35533,0
22131,0
17085,0
28019,0
15040,0
30789,0
16657,1
33758,0
18766,0
18260,1
14646,0
28636,0
16513,1
36182,0
39344,0
16901,0
24097,1
27826,0
13623,0
36001,0
16508,0
20187,1
31142,0
23836,0
14914,1
20235,0
34895,0
17851,0
13575,1
29359,1
21553,1
34607,1
10328,1
31913,0
23354,0
12140,1
16143,0
23241,1
13691,1
23335,1
30951,1
34147,1
10127,0
15696,0
12497,0
24918,0
34836,0
19649,0
28555,0
15688,1
17235,0
20898,1
35679,1
16253,1
14125,1
22772,0
23562,1
22350,0
22100,0
29547,1
39541,0
39071,1
38809,1
10940,0
39757,1
35939,0
21119,1
28283,1
30675,0
23244,0
31177,0
31743,0
22482,0
23325,0
38175,1
31879,0
17018,1
32334,0
24257,0
27372,1
28281,0
12035,1
18282,0
14749,0
16763,0
21020,0
30791,0
36834,0
32707,0
35942,0
33700,0
25456,1
38593,0
36789,0
31956,1
32871,0
35888,0
38468,1
11728,0
30634,0
22786,0
37551,0
10300,1
17034,0
30952,0
26363,0
18335,0
37387,0
16972,0
39029,0
13922,1
10401,0
34034,0
25512,1
37170,1
19177,0
24991,1
31643,1
39358,0
16211,0
32363,0
36664,0
22935,1
24988,0
34180,0
18818,0
20267,1
10576,0
25011,0
19071,1
13362,0
37690,1
34242,0
12179,1
22644,0
33585,0
30853,0
31216,0
33737,0
21912,0
32485,1
12942,0
25554,1
16495,0
39099,1
38547,0
21603,1
35844,0
18236,0
13979,0
27085,0
32624,0
23378,0
18717,0
23966,0
26507,0
27681,0
29338,0
24449,0
21017,1
25634,1
14922,0
31434,1
16707,1
24958,1
20069,0
18596,1
24920,1
38578,0
18272,0
31911,1
33067,0
15302,0
29312,0
25246,0
20902,0
22528,1
13096,0
22533,0
37104,1
28812,0
30599,1
34792,1
12621,0
28745,1
16170,0
26037,0
21418,1
20628,1
26408,0
28408,1
36181,0
17086,1
30748,0
31832,0
36586,0
35893,0
15407,0
13468,0
33980,1
38930,1
11573,0
21288,0
15649,0
33531,0
25276,0
11199,0
31450,1
36250,0
23389,0
12893,0
31815,0
33889,0
25257,0
16801,0
14404,0
24026,0
25914,0
24539,0
35031,1
25611,1
22033,0
16543,0
27700,0
28216,1
38686,1
37173,0
39803,1
16601,0
21511,0
20174,0
12812,1
28705,0
28105,0
24511,0
21208,0
39829,1
28128,1
33951,0
23640,0
38141,1
14898,1
30873,0
37999,0
23564,1
11009,1
27729,0
34866,1
32725,0
35149,0
35677,1
35750,0
39009,0
30165,0
13330,0
18640,1
17791,0
20128,1
13581,0
14491,0
25876,1
11017,0
34962,1
31885,0
25480,0
24874,0
31764,1
36875,0
10361,0
25372,1
39131,1
33553,0
21769,0
37050,0
29701,0
34920,0
29596,0
16975,0
16351,0
16010,0
11581,1
24172,1
12439,0
33526,0
11084,0
11617,0
34021,0
32176,0
34898,0
20480,0
10915,0
33928,0
32280,0
25696,0
33678,1
28924,1
10046,0
20333,1
10440,1
38855,0
18395,0
30250,1
22144,1
36093,1
10216,1
34924,1
23975,0
12583,0
35093,1
30583,0
28852,0
20312,1
17657,1
39035,0
14111,0
22331,0
27274,1
19607,1
13490,1
17774,0
25468,0
39916,1
12214,0
21882,0
14994,0
10000,0
20575,1
12305,0
29122,0
24448,0
30917,1
31782,0
17712,0
38859,0
18293,0
36721,1
38281,0
16287,0
35218,0
32935,0
12880,0
38314,1
17374,1
27872,0
28314,0
33477,1
31583,0
16787,0
24842,1
10475,0
31823,1
15743,0
38743,1
31221,0
11310,1
37290,1
23456,1
32224,1
38046,1
33908,0
18657,0
29850,1
27888,0
19777,1
15534,0
39470,0
11666,0
10182,1
32882,0
26456,1
10223,0
31005,0
33412,1
21602,0
22113,1
12226,1
10191,0
11936,0
19192,0
28704,0
39347,0
14405,0
31667,0
23222,0
27007,0
37591,1
24270,1
29580,0
12837,0
20394,0
15126,0
35871,1
10165,0
34371,0
38427,1
37735,0
20036,0
29604,1
31502,1
38425,0
31549,1
38365,0
39494,0
11420,1
27058,0
36432,1
27719,1
21707,0
12352,1
28816,0
28333,1
29513,0
37858,1
14143,0
34765,0
34810,0
15120,1
18007,0
37208,0
39121,1
36603,1
20350,1
16767,0
35962,0
36754,0
33081,1
19161,0
38706,0
15211,0
31697,0
14342,1
34470,0
30571,0
17836,0
21667,0
37217,1
23949,0
24754,0
11722,1
19139,1
25000,1
31771,0
38335,0
32964,0
37199,0
34947,0
18218,0
11835,0
17462,0
18641,0
16380,0
15047,1
29068,0
28959,0
13385,0
33581,1
37044,0
11497,0
17714,0
12644,0
36669,0
35303,0
28419,0
30839,0
33694,0
30301,0
28953,0
21472,0
31069,0
22543,0
29908,0
17853,0
31350,0
20759,1
12084,0
22656,0
30626,0
17191,1
24281,0
24041,0
21701,1
19739,0
19465,0
18038,1
34933,1
36219,0
39987,0
25136,1
27410,1
20780,0
14727,0
16501,0
23972,0
27823,0
10545,1
20411,0
20631,0
30051,1
35148,0
16300,0
39049,1
18616,1
33584,1
23600,0
16012,1
31899,0
39991,0
23693,1
12059,0
25767,0
23174,1
23722,0
31821,0
16835,0
26007,0
36169,0
39869,0
30100,1
27138,1
21480,0
26844,0
30305,0
11381,0
26181,0
15840,1
17322,0
14153,0
25939,0
35820,0
33220,0
29341,1
24965,0
23680,0
12518,0
36936,0
27775,0
27567,1
28149,0
37048,1
16246,1
33414,0
39020,0
20761,0
18729,0
22848,0
29851,1
39818,0
14841,1
16433,1
34794,1
25784,1
37668,0
29638,1
28773,0
21756,0
15415,0
13918,0
27151,0
33325,1
29661,1
28055,0
28948,1
24820,1
34923,0
26291,0
28940,0
32054,1
10988,0
11504,1
13456,1
32615,0
10866,1
12489,1
32300,0
30787,0
33254,1
12256,0
17287,0
23132,0
22251,0
31065,1
13374,1
32412,1
28797,0
33631,1
39150,1
17831,0
10839,0
27886,0
28840,0
31295,0
36996,1
35884,1
20438,0
11859,0
32799,1
36900,0
14353,1
31491,1
37403,0
34558,1
18681,0
30861,0
29681,0
34775,1
22344,1
39085,1
38119,1
11541,0
24742,1
33900,1
27898,1
18180,0
35887,1
10346,0
19406,0
13311,0
24657,1
24260,0
18075,1
37369,0
10774,0
22964,1
22519,0
30694,0
25870,1
32965,1
30400,0
22730,0
11203,0
23575,1
33534,0
23678,0
33626,1
17514,1
14248,1
38832,0
20541,0
10217,0
13006,0
11129,1
16950,1
38854,1
36935,0
39611,1
30682,0
16957,0
29984,0
24278,0
35800,1
25455,1
12034,0
35289,1
10963,1
14517,0
34307,1
26713,1
39117,1
29019,1
16280,1
25024,1
14215,0
26564,0
20680,0
17069,0
31945,0
21386,0
35431,0
14007,0
38208,1
22295,0
26506,1
10457,0
19400,1
14427,0
31150,0
25228,0
30711,0
28806,0
27855,1
29752,0
23887,0
14211,0
32364,0
34788,0
18575,1
18424,0
36828,1
23539,1
23879,1
28292,0
35372,0
18382,0
17628,0
13584,1
11024,0
21750,0
15364,0
34469,0
21453,0
13684,0
16533,0
24486,1
18337,1
33200,1
14961,0
26020,0
31534,0
15697,0
29027,0
25731,1
21243,0
17790,0
17141,1
18926,0
37860,1
35414,0
39936,0
21943,0
26738,0
16214,0
37998,0
23080,0
16785,1
21365,1
37481,0
17795,0
20441,1
32507,0
32216,0
17388,1
39159,0
38389,1
29532,0
22525,1
15026,0
20768,0
15362,0
17339,0
32967,0
10423,0
37472,0
17190,1
20777,0
19323,0
29187,0
16802,0
35747,0
39947,0
29677,0
21966,1
18911,0
29104,1
30784,0
19650,0
24328,1
20207,1
27728,0
26204,0
38516,0
33376,0
22440,1
24734,0
38332,1
15723,0
23905,1
39326,1
21038,0
39932,0
34539,1
20062,1
15183,0
39997,0
34160,1
24230,0
36153,0
24852,0
21174,1
36386,0
25743,1
18167,0
32918,0
32075,0
20338,1
31485,1
35049,1
26827,0
16523,1
11440,1
17205,0
34596,1
10273,1
23843,0
11934,0
18172,0
22770,1
35698,0
22699,0
10544,0
37240,1
35744,0
11447,0
36336,1
21954,0
24431,0
31749,0
37100,1
33993,1
28574,0
24853,0
37766,0
15884,0
33171,1
32107,0
10285,1
27897,1
10692,0
36730,1
23740,0
14478,0
20163,0
15767,0
14378,1
23425,0
24356,0
35551,0
25856,0
15655,0
11847,1
27871,1
31642,1
39109,1
23789,0
24323,0
33361,1
18351,0
18109,1
10680,1
37903,0
14741,1
21284,1
26196,0
25824,1
29087,0
35618,0
39562,0
18582,0
11650,1
31577,1
19867,0
36545,0
15858,0
27106,0
14827,1
36049,1
13434,0
19204,1
36327,1
18530,0
37137,0
18132,1
19986,0
34186,0
30291,0
37689,0
38805,1
38530,0
15595,0
18570,1
37241,1
37133,1
21651,0
29230,0
37572,1
18350,1
32001,1
14637,1
29103,1
22479,0
31120,1
11449,0
27102,1
39199,0
39980,0
19794,0
15218,0
23164,1
31467,1
10731,0
22833,0
39728,1
26853,0
10703,0
26992,1
29864,1
16156,1
25898,1
10454,0
35928,0
35696,0
19880,1
26190,1
26085,1
19193,1
12320,1
33480,0
33682,1
29727,1
26680,1
15670,1
32880,0
33337,0
38150,0
30157,1
20894,1
29803,1
14954,1
22495,1
25030,1
17362,0
37738,1
25459,0
18810,1
38616,0
27247,1
37611,1
35273,1
14833,0
27968,1
35282,1
24968,1
33277,1
29377,1
31838,1
30858,0
36473,1
35317,1
39706,1
18211,0
33198,1
25012,0
23131,1
21826,1
20707,0
20085,0
16200,0
22941,0
13457,0
38689,1
17607,1
31287,0
11034,0
27271,0
39917,1
26907,0
12980,1
13086,1
37144,1
18659,0
29343,1
17083,0
12971,0
11586,1
26550,1
37513,0
30264,1
11170,0
13022,1
17874,1
39771,1
20006,0
38934,0
30707,0
29166,0
18904,0
18432,0
35554,0
10254,0
23826,1
16472,1
18031,1
29426,1
24536,1
19441,0
26016,1
31377,0
38823,0
25184,1
15780,1
33219,0
23305,0
11947,0
10192,1
33421,1
25989,1
31817,1
32657,0
26480,0
20739,0
31288,0
13783,0
15753,1
38653,0
21712,1
37215,1
29372,0
33570,0
30509,1
33636,0
39401,1
27187,0
35062,0
25733,0
10007,0
11131,0
38199,1
34093,0
35213,0
32634,0
20418,0
34950,0
24283,1
29422,0
34561,0
34640,1
18112,0
31109,0
27548,0
21442,0
25064,0
35405,0
22542,0
21295,0
38716,0
37817,0
13509,0
29284,1
11885,0
22727,0
22314,1
16874,0
38152,0
16598,0
29247,0
22092,0
21268,0
13129,0
26776,0
27073,0
13673,0
39622,0
24214,0
32157,1
39822,0
20913,1
34899,1
39826,0
25827,1
38858,0
15061,1
13549,1
34345,0
31866,1
16381,0
36624,0
18620,0
10006,1
13893,1
26441,0
11013,0
25599,0
22364,0
33276,0
21062,0
36679,0
23443,0
35814,1
24729,0
25460,0
36271,0
18889,1
16853,0
20320,0
19730,1
16687,0
11325,0
36090,0
33018,1
32291,1
29845,0
34174,1
17138,0
15159,1
27570,1
31436,1
23023,0
38217,0
31473,1
31812,0
25936,1
11525,0
25438,0
14201,0
25702,0
37977,0
30788,0
11328,0
31904,0
24552,0
22664,0
22898,0
32206,1
35654,1
17610,0
17962,1
35836,0
37254,0
22752,0
11281,0
37988,1
11996,0
27016,1
28215,0
14200,1
17373,0
34797,1
20516,1
25484,0
18311,0
21045,1
19198,0
18105,0
25137,0
28764,1
25614,1
31644,0
39482,0
25816,0
30060,0
39702,1
13064,0
32781,1
17781,0
29775,1
11791,0
22622,0
23152,0
25644,0
30159,0
17500,1
18349,1
22663,1
16184,0
38920,0
35065,0
23720,0
21784,1
13643,1
25205,0
32839,0
32812,1
16119,1
37890,0
19049,0
33247,0
25210,1
15556,0
23793,0
37670,1
38971,1
12495,0
38053,1
13818,1
22005,0
13936,1
10611,1
30548,0
20192,0
11550,0
12830,0
14088,1
38720,0
23138,1
38204,0
13383,0
21992,0
36873,0
15975,0
20326,0
38750,0
26741,0
16491,1
13157,0
33663,0
36710,1
17379,1
31152,1
28859,1
23656,0
13329,1
27967,0
34382,0
18560,0
17400,0
19094,0
33082,0
20409,1
16255,0
27148,0
29905,0
27591,0
20568,1
15195,0
10332,0
26699,1
18569,0
14530,0
24838,0
34821,0
17227,1
31898,0
36575,0
13617,1
27141,0
39249,0
18162,1
36981,0
20551,1
27389,1
31585,0
18811,1
35719,0
33931,1
25084,1
18277,1
14736,1
20823,0
36436,1
25516,0
12396,0
19368,1
30563,1
15609,0
17252,1
11624,1
24544,0
14837,0
25932,1
34407,1
24015,0
21803,1
26919,0
38628,1
10695,0
27717,1
16319,1
31754,0
34051,0
19831,0
27608,0
26876,0
16927,0
20172,1
17248,0
29184,0
38830,1
31129,0
19313,1
10001,1
34314,0
36442,1
27291,1
18008,0
29308,1
13889,1
11474,1
39662,1
26198,0
34278,1
30867,0
34809,0
25409,0
36077,0
23663,0
36484,1
27000,0
12350,1
28842,0
19761,0
34542,1
33233,0
32128,0
37418,0
15327,1
10136,0
18446,1
27379,0
13180,0
35794,1
11973,1
12792,0
30666,1
23221,1
38544,1
21336,1
32583,1
21171,1
12168,1
31305,0
38553,0
26265,1
20477,1
31291,0
11093,0
17131,0
20673,0
35522,0
38173,0
32639,0
13913,1
21199,1
23255,0
22909,1
17271,0
26614,0
23866,0
22527,0
37177,0
31767,1
24905,0
39823,0
22071,0
14855,0
27457,1
21056,0
21265,0
17968,0
30810,0
14438,1
20017,0
30677,1
30525,1
21715,1
39471,0
35501,1
30733,0
10431,1
38008,0
33384,0
14139,1
12056,0
32257,1
32403,0
28161,0
18961,1
22940,1
18702,0
27188,0
34919,0
18752,0
38627,0
30649,1
10189,0
28563,0
29463,0
13357,1
14874,1
17615,0
24748,0
21052,1
27443,0
30501,0
22781,0
24489,0
39883,0
38813,0
34296,1
16037,1
30410,0
31524,0
34565,1
27495,1
19485,0
38501,0
39626,0
12728,0
17004,0
10717,0
20082,0
17454,1
15460,0
13952,1
24719,1
11610,1
10409,1
37793,0
16488,0
11475,0
31230,0
33468,1
34791,0
13432,1
26944,0
11725,0
37135,0
18791,1
19967,1
28598,1
13136,0
13560,0
15532,0
21379,0
12112,1
36426,1
21404,1
13747,0
39897,0
31946,1
34368,0
19417,0
33653,0
32016,1
35673,1
12488,1
28750,0
26171,0
38992,0
21898,0
29421,0
11327,1
36613,0
39096,1
12617,1
12600,0
39432,0
12149,0
12779,0
38069,1
28640,0
11664,0
20968,0
18736,0
11473,1
16125,0
19475,1
31214,0
18381,1
27988,0
27313,0
18458,1
20687,1
33673,0
28156,1
27842,0
33537,1
20315,1
11255,1
19566,0
22659,0
32080,0
21391,0
12448,0
15865,1
29885,1
17263,0
16848,0
15459,0
34910,1
38660,1
35558,0
12718,0
13252,1
21202,1
12950,1
14596,0
34062,0
10372,0
31050,1
16484,0
30967,0
39856,0
16637,1
23414,1
22531,0
12549,1
22512,1
17612,0
29773,1
18670,1
17316,0
20530,1
14739,1
35054,0
37541,1
31598,0
13919,1
13082,0
19380,1
17169,1
18089,1
11169,0
39243,0
24596,0
24870,0
22574,1
31183,1
20532,1
18962,1
29935,0
14380,0
19120,1
26742,1
35632,1
33635,0
31760,0
16427,0
36171,0
10302,0
18630,0
23906,0
32284,0
19357,0
30699,1
12097,0
38635,0
21621,0
16990,0
13821,0
30943,0
16142,0
12771,1
14459,1
36408,1
25445,0
22188,1
18965,1
10974,0
38138,0
38528,0
27481,0
32262,1
30028,1
20317,0
17236,0
19208,0
16190,0
34894,1
38020,0
33959,1
25736,0
16916,1
12509,1
29575,0
19112,1
12917,0
32407,0
29318,0
16330,1
32655,0
21685,0
14149,0
14705,0
17149,0
34172,0
32683,1
37527,1
15166,0
31648,1
22272,0
13713,0
33318,0
29205,0
30881,1
29654,0
13054,1
30086,0
13710,0
23828,1
13470,1
29663,0
23971,1
24248,0
22515,1
14641,0
35674,0
39473,0
27652,0
37391,0
24516,1
30132,1
20400,0
26534,1
10935,1
28573,1
20651,1
39995,0
18190,0
27616,1
30960,0
13323,0
39872,1
36886,0
23479,1
32838,0
22465,0
17405,0
23635,0
38043,1
32481,1
32165,0
35331,1
17261,1
19245,0
14577,1
14072,0
22631,0
36839,0
12499,0
28542,1
34126,1
19500,1
31168,0
33152,0
25083,1
19271,0
29943,0
20890,0
24190,0
12838,0
21439,1
20413,1
25598,1
29512,0
33802,0
18121,0
37469,0
34648,0
36950,0
14663,1
24682,0
16994,0
20347,1
22225,0
37957,0
39982,1
17747,1
20035,0
19852,0
29192,1
10872,0
34811,0
16179,0
10867,1
12402,0
31593,0
20190,0
14301,1
33168,1
31867,1
23235,0
12563,0
26462,1
15263,1
30884,1
34668,1
13415,0
35436,0
39583,0
24452,1
39008,0
15478,0
21689,0
24889,1
30940,0
14140,0
39675,1
31751,1
15922,0
36437,1
12450,0
37907,0
13406,0
20077,1
13260,1
13819,1
28622,1
39933,0
26739,1
26551,1
32954,0
28805,1
24556,0
18506,1
17269,1
32398,0
38688,0
39070,0
14421,0
26953,1
21257,1
24871,0
22315,0
16312,0
12710,0
24726,1
22304,1
13619,0
22609,0
26620,0
27994,0
10089,0
29708,0
35855,1
28693,0
33020,1
12128,0
23216,0
26966,0
18166,1
13421,1
38494,0
10120,1
10075,0
15307,1
17753,0
23743,1
30818,0
23614,1
25182,0
20092,1
33378,0
26191,0
34713,0
15648,0
39111,0
14225,0
36977,0
37451,0
15316,0
16131,0
19993,1
22698,1
37848,0
24944,0
11663,1
36822,1
37619,1
19454,0
17262,1
24124,0
11965,1
22393,1
26390,0
39733,1
23923,1
24111,0
26576,1
30877,1
19058,1
12153,0
31472,0
33408,1
33163,0
31095,0
27383,0
13790,1
11518,1
22303,1
15471,0
38911,1
25978,1
23398,0
10933,1
33078,1
28390,0
37560,0
19598,1
38163,1
26184,0
36242,1
11526,1
29181,0
16559,0
24513,0
33172,1
15784,0
35162,1
10109,1
26686,0
11935,1
21438,1
20356,1
18014,0
12440,0
27650,1
12215,1
12731,1
31714,0
13535,1
19055,0
15132,0
30118,0
28389,0
11052,0
35188,0
26131,1
25266,1
22602,0
16881,1
23489,0
15356,0
22651,0
35457,1
38002,0
24640,0
32297,1
11943,0
33234,0
37771,1
28688,0
24047,0
28647,0
27977,0
24646,1
22226,1
27702,0
13724,1
30984,1
26501,1
35572,1
30144,1
25046,0
30540,0
28191,0
22474,0
27370,0
17011,1
28506,1
25349,1
16355,0
26539,0
24293,1
10152,1
13267,1
17730,0
39511,0
30306,0
13888,0
38323,0
16969,0
14285,1
32036,0
10756,0
15234,0
36374,0
36913,0
24266,0
35243,1
36391,1
30607,0
23932,1
31825,0
18227,1
16347,1
37166,0
33815,0
28507,1
36419,0
25507,1
31206,0
34341,0
39185,0
18548,1
17290,0
32645,0
27253,0
34473,1
39196,1
35573,0
13934,0
34013,0
19069,0
20839,1
33693,1
38518,0
36073,0
38770,0
37562,0
29326,1
28910,0
19479,0
34118,0
32860,0
29518,1
17840,0
15382,1
28785,1
19256,0
36191,0
17867,1
16681,0
37114,0
21376,0
25754,1
16201,0
35655,1
20071,0
39739,0
29291,1
28378,0
29697,0
23578,0
19381,1
12353,0
27504,1
21298,1
38762,0
21001,0
31811,0
12047,0
27471,0
35042,0
13538,1
38975,0
26429,0
16988,0
23355,1
27209,1
29528,0
38565,0
11889,1
35611,0
35123,1
26569,0
22668,0
10704,0
25713,1
27024,1
16725,1
10510,0
16089,0
13466,1
31690,0
37109,0
13776,0
20722,0
10550,0
38123,1
38887,0
13146,0
34474,1
29279,0
31253,0
22181,0
22862,1
28642,1
19645,0
38477,1
20246,0
21465,0
20138,0
38015,1
35464,0
16468,0
14414,1
12679,1
27749,0
34057,0
24316,0
22330,1
16478,0
31859,0
32250,0
28398,0
29938,1
12297,0
22057,0
26796,1
33119,1
25479,0
36830,1
13853,1
22209,1
15400,1
23281,0
34819,0
28134,1
19132,0
35030,0
25730,0
33257,1
34665,0
12129,0
23958,0
24433,0
24227,0
31453,0
23746,0
12060,0
37333,1
35509,0
24784,1
29195,0
33180,1
16346,1
33824,1
22583,1
35122,0
34949,1
26314,1
31588,1
11512,0
13014,0
32776,0
20115,0
32890,1
25863,1
26999,0
36417,0
19005,0
34610,0
15616,0
31640,0
20593,1
24805,0
14240,1
12127,0
22018,0
31783,0
11954,0
29041,0
33040,1
38084,0
27371,0
24142,0
14514,0
12138,0
26545,0
35809,0
35659,1
26273,1
38779,0
34104,0
36813,0
25773,0
31820,0
28153,0
28207,0
22450,0
34301,0
33170,1
29554,0
19343,1
37448,1
24235,0
37425,1
28641,0
39043,0
15547,0
20171,1
22624,0
10514,1
35694,0
21077,1
39747,0
17552,1
30744,0
18594,0
16953,0
17204,0
26079,0
33901,1
15011,1
28731,1
31313,0
38526,0
38673,0
34309,0
35968,0
26353,1
36464,0
25237,1
36983,1
15190,0
34094,0
11392,0
12102,1
10709,0
37996,0
31987,1
27924,1
36069,0
16232,0
33912,0
27356,0
39891,1
16511,0
39529,1
10516,1
35725,1
11008,1
18306,0
20038,0
23165,1
25339,0
29570,1
39523,1
17201,0
26046,0
35235,1
15433,0
13827,0
12999,0
12113,1
33719,0
36470,1
26516,0
11726,1
18656,0
14038,1
15311,1
13589,0
13817,0
29672,0
16453,0
29636,1
21904,1
16460,1
38886,0
18755,0
28886,1
14805,0
37739,1
17047,0
37185,0
10848,0
24469,1
26636,1
24679,0
23382,0
32390,0
20856,1
35307,0
13474,1
19575,1
13066,0
21634,0
26972,0
30684,0
21748,0
25996,1
36230,0
33214,0
22591,0
34691,1
13879,1
20790,1
28297,1
30420,0
16668,0
23877,0
31685,0
26028,0
13897,1
36431,0
23186,1
37555,1
33905,1
26111,0
28667,0
12093,0
10014,0
27080,0
15338,1
30728,1
10789,0
17053,0
12732,1
38621,0
20733,1
21131,1
15138,1
27756,1
26702,0
22031,1
15632,0
28706,0
10138,1
32410,1
18438,1
37325,1
38456,0
18208,0
20176,0
28276,1
16987,0
31068,1
18386,1
24875,0
22199,0
16909,0
19614,0
14011,0
14343,0
37058,0
14408,0
17093,1
23882,0
20040,1
13772,0
28617,0
25697,0
26554,0
39651,0
21308,1
23550,0
12517,0
19737,0
13259,0
19383,0
36446,1
16283,0
19670,0
38295,1
21130,0
29963,0
37708,1
36763,0
34343,1
22341,0
19753,0
31660,0
24708,0
18701,1
36850,1
26759,0
37330,0
38054,0
27561,0
11122,0
13339,1
36956,1
21971,0
25195,0
33086,0
15248,0
32596,1
36145,1
21241,0
15978,1
38957,1
13084,1
36768,1
31552,1
29911,0
22414,0
17233,1
22874,0
38524,1
32534,1
32424,0
18204,1
27298,1
20909,1
33778,1
39091,0
14100,1
29469,0
17168,0
15255,1
10370,0
26434,0
23685,0
30833,0
23660,0
29903,0
29998,0
22392,0
12467,0
32115,0
39052,0
18450,0
19065,0
20072,0
37060,1
21219,0
33342,0
22082,1
28183,0
13070,0
25668,1
26076,1
29453,0
17841,0
22702,1
11895,1
32009,1
22448,0
34615,1
37151,0
15419,1
12174,0
35548,1
28983,1
35904,1
28377,0
36570,0
26375,0
27133,0
29437,1
20056,0
39704,1
10524,0
36578,1
19933,1
30334,1
29355,1
23430,0
32017,0
25358,1
35099,1
24937,0
15962,1
22951,0
25033,1
23645,0
38843,1
10803,1
37945,0
15059,0
21223,1
39844,0
39889,0
36139,1
13508,1
26211,1
38867,0
28013,0
33668,0
28402,0
32891,0
17948,1
35974,0
25508,1
13620,1
13338,1
28372,1
29917,0
11037,0
36707,1
12334,0
12622,0
22822,1
18145,0
21657,1
30472,0
12397,1
23942,0
19919,0
35144,0
29333,0
11735,1
28110,0
20053,1
15371,0
15149,1
15970,0
19689,1
21594,0
33112,0
20719,0
10532,1
31503,1
36986,0
26005,1
23019,1
22540,0
33175,0
16446,0
26670,0
34796,0
26083,1
32303,0
16663,0
33173,1
26468,1
24985,0
33547,1
28065,1
21723,0
18442,0
10050,0
17905,0
25378,0
35134,1
29016,0
12192,0
25988,1
39309,0
18440,0
33322,0
10523,1
17077,1
24816,0
35720,0
30883,1
25812,1
13513,0
34481,0
34231,1
19016,0
11871,1
37902,1
15836,1
23536,0
39535,0
31864,1
20583,1
34218,1
35808,1
32975,1
30697,0
36081,0
19000,0
12012,1
21373,0
17402,0
36123,0
13264,1
19019,1
15012,1
16425,0
10458,1
33797,1
10980,1
12162,1
34058,1
35100,0
34683,0
11114,0
29367,0
31735,0
32715,1
18715,1
16946,0
37007,0
15019,0
12172,0
21323,1
39522,1
27117,1
37644,1
25941,1
32049,1
27795,0
18639,0
34808,0
12855,0
14326,1
15389,0
10681,1
22600,1
16040,1
36348,0
10589,1
22165,0
36647,1
33654,0
30895,1
15599,0
27830,0
24178,1
24962,1
15971,0
31480,1
39509,0
17952,1
17767,1
32400,1
28733,0
14411,0
22490,0
21846,1
23563,1
35581,1
36131,1
34131,1
11747,1
12423,0
32031,0
29948,0
29844,0
33763,0
27170,1
36748,0
30056,1
24518,0
19326,1
28328,1
34452,0
33289,0
26231,0
34146,0
24424,0
20868,0
17109,1
16375,0
27683,1
19629,0
18735,1
16074,0
23500,0
22353,0
36135,0
27820,1
26926,0
33728,0
34575,1
13107,0
10989,0
31259,1
23608,1
18908,0
31882,0
10342,0
29890,0
30774,0
28562,1
34593,1
21100,0
19505,0
18244,0
27360,1
36143,0
30857,0
38205,0
27852,0
32902,0
16396,0
18052,0
31191,0
38669,0
23109,0
20985,0
12076,0
19950,0
20494,1
18163,0
28520,0
23924,1
25934,1
15187,1
17661,0
29434,0
35422,0
25377,1
15355,1
32814,0
17797,0
12046,1
14048,0
28124,1
10700,0
14682,0
34236,0
21868,1
19487,0
37323,1
17499,1
29020,1
34763,0
18713,0
29568,0
18538,1
38121,0
28796,0
22832,1
22747,0
35707,0
17241,1
33166,1
37414,0
21937,1
27906,0
17809,0
37526,0
24693,1
31532,0
39180,0
16669,1
37631,0
26588,0
36315,0
24760,0
32948,0
33676,1
13870,1
36223,0
25826,0
25836,0
34983,0
16279,0
30394,1
25433,1
19907,0
26666,0
33107,0
13773,0
33105,0
35216,1
36288,0
12759,1
22987,0
22266,0
16019,1
12292,0
10639,1
36200,1
19344,1
13652,1
25751,1
18175,0
23476,1
25663,0
20656,0
31666,0
15069,0
37748,0
32927,0
37812,0
32495,0
22060,0
20941,1
32367,1
28649,0
28855,0
27207,0
31706,0
13194,0
28052,1
20976,1
31053,0
39972,0
20107,0
33113,0
10593,0
19564,1
14026,1
15651,0
29294,0
26817,0
36078,0
15976,1
23279,0
34686,0
18133,0
28391,0
32529,1
24847,0
36147,0
34175,0
30232,0
22265,1
13988,0
29546,0
10214,0
26095,1
13366,1
21242,0
13235,0
19765,1
33869,0
13340,0
24207,0
21285,0
18881,0
21570,0
17531,1
26764,0
32632,0
23709,0
16699,0
14865,0
37905,0
18403,0
14076,0
34773,0
13630,0
35141,1
10926,0
15165,1
12191,1
20178,0
14171,0
25100,1
25322,0
38506,0
38723,1
15089,0
33508,0
31041,1
29234,0
25206,0
14432,0
36989,1
19984,0
18194,0
20786,1
19266,0
12811,0
25110,1
24010,0
30053,1
38342,1
34256,0
37590,0
39925,1
26558,1
30001,1
37829,0
32977,0
33962,0
27972,0
16112,1
35812,0
24156,1
33259,0
38451,1
19915,1
17989,0
39955,0
15949,0
27449,1
25326,0
32014,0
15943,1
25760,1
39713,1
28102,1
34055,1
35772,1
39469,0
32090,0
17453,1
30068,0
38942,0
26457,0
39428,1
37941,0
14635,1
35440,0
20270,1
31375,0
27952,0
10056,1
12300,1
35460,0
25510,1
23517,0
10810,0
22477,0
30997,0
28737,1
20779,0
15992,0
19644,0
31476,0
13761,0
30591,0
31924,0
14773,0
22719,1
32389,0
34961,1
36626,0
24628,0
28951,0
25016,0
28677,1
12803,0
33100,1
37423,1
29543,0
24350,0
38283,0
25379,0
13528,0
35642,1
32196,0
35225,1
12148,0
11823,0
20683,1
27817,0
15267,0
15769,0
27770,0
11821,1
13048,1
15519,1
39038,1
34032,0
33009,0
26166,0
27023,0
10193,1
19035,0
18649,1
15343,1
18240,0
23834,1
27873,0
23193,0
31802,1
37486,0
17015,0
27739,0
19556,0
22191,0
16627,0
35839,0
37873,0
32183,0
30656,0
31365,0
39110,0
16825,0
11471,0
18379,0
35890,0
21892,0
16230,0
16186,1
35830,0
26752,0
23157,0
29623,0
10313,1
21874,0
39183,0
16973,0
16568,1
29144,0
27083,0
30269,0
17253,0
25038,0
34535,1
39441,0
35406,0
34178,0
14372,0
35304,0
21500,0
29143,0
28037,1
17311,0
25072,1
38129,0
11148,0
27355,0
23921,1
38257,0
34573,1
14784,0
31990,0
27159,0
38113,1
10518,1
10688,0
35400,1
24051,0
34445,1
10139,0
16022,0
23829,0
38133,0
28093,0
31837,0
19856,0
33345,0
19006,0
10707,1
31307,1
32617,1
28368,1
10569,0
24470,0
28135,1
11654,1
17587,0
36128,0
21407,0
11533,0
19375,0
26698,0
39941,1
17741,1
36299,1
17046,0
29602,0
23260,0
30424,1
37642,0
12553,1
34658,0
25845,0
29716,1
32772,0
35787,0
15891,1
13953,0
23782,1
29693,0
15957,0
12760,0
10402,1
12854,0
30244,1
37224,1
24711,1
37986,1
33862,0
37043,1
34778,0
12213,1
20213,0
32082,0
29880,0
32469,0
16882,0
18447,1
32737,0
18561,0
27275,1
15294,1
39507,1
13965,0
32189,0
20559,1
37820,0
38448,0
13683,0
39742,0
21299,1
22567,1
36646,0
18790,0
30897,0
34614,0
23967,1
17488,1
23520,0
16529,0
19463,1
33745,1
23581,1
27905,0
14704,1
17060,0
28748,0
15776,0
33023,0
28120,1
19445,0
19934,1
35810,0
33004,1
34370,1
10241,0
22513,1
17529,0
38048,1
26544,0
39659,1
17247,0
18022,1
38192,1
39921,0
24446,1
25082,0
10619,1
18342,0
24593,1
23684,0
12853,1
24394,0
32416,0
31082,1
16919,0
13041,0
13511,1
28189,0
36240,1
33164,1
10384,1
29526,0
17469,1
28714,0
34888,1
14307,1
38698,0
32702,0
27850,1
38606,1
19254,1
38343,0
25061,0
32519,1
35702,0
31516,0
26689,0
33667,0
20464,0
37292,0
19349,1
20371,1
14066,0
31994,1
37126,0
32061,0
26134,1
27930,0
39870,0
14735,0
21369,0
19662,0
23990,0
20208,0
30899,1
13867,0
39958,0
26152,1
34467,1
28365,0
15642,1
32335,1
16044,0
26300,0
10352,0
22529,1
37630,0
26917,1
24242,0
14045,0
25334,0
24884,0
29042,0
26949,1
15597,0
23566,1
16959,0
32693,0
28803,0
11422,0
31478,0
35375,0
12482,1
15938,1
39338,1
18412,1
20765,0
39053,1
28763,0
16322,1
34505,0
16760,1
29065,0
39873,0
37039,0
27853,0
17627,1
25904,0
37067,1
12774,0
19080,1
10724,0
28964,1
17295,0
24455,0
34007,0
27780,1
18265,0
24063,0
31799,0
24941,1
27461,1
15157,0
11851,0
34121,0
30914,1
22285,0
19855,0
32819,0
37593,0
22122,1
32127,0
30005,0
20630,1
37081,0
14878,0
29030,0
30438,0
21467,0
24337,0
23831,0
33810,0
35186,0
11657,0
24564,0
23870,0
34123,0
30385,1
20741,0
17888,0
39655,0
35356,1
26421,1
36054,0
18405,1
31195,1
37602,0
23176,0
33060,0
18361,0
12045,0
16001,0
17537,0
10892,0
14949,1
27572,1
31000,0
20127,0
28250,0
36657,0
38509,1
28142,0
36541,0
19042,0
36007,0
39413,0
25900,1
34288,0
24608,0
37691,1
15647,0
11315,1
20410,0
20987,0
18760,0
15028,0
22621,0
32316,0
30698,1
18971,0
17680,0
29369,0
27101,0
16871,1
22856,1
38677,0
35035,0
14150,0
23150,0
10438,0
32946,1
19130,1
33697,0
36447,0
25035,0
31654,0
21816,0
10969,0
13645,1
27991,0
15974,1
14195,1
26905,1
26197,1
19401,0
14471,1
30549,0
10343,0
21996,1
10159,0
36453,1
28885,0
39665,0
11906,0
30736,0
19693,0
10358,0
19594,1
27342,0
37150,1
15819,0
33317,1
31464,0
30939,0
35370,0
35663,1
38507,1
30135,0
21031,1
13402,1
28396,0
33627,0
35606,0
36092,0
24140,1
22298,0
24219,0
24127,0
11099,0
31367,0
28363,0
28222,1
33984,1
14027,0
37505,0
31487,0
20914,0
13201,1
11469,0
29776,0
27776,0
30049,1
28000,0
37379,0
32298,1
28601,1
20937,0
21041,0
33986,0
30386,0
24818,1
19455,1
38376,1
31665,0
35538,0
27035,1
13596,1
30220,0
26488,0
30210,1
33713,1
25825,1
29418,1
20655,1
21115,0
18508,0
26242,1
18093,1
19133,1
11160,0
16242,0
31304,1
28240,0
20576,1
30765,0
18737,0
31738,0
32076,1
13841,0
21734,0
14101,0
31759,0
25400,0
15928,0
19726,1
36553,0
22798,0
29658,0
33241,0
37019,0
12011,0
37509,0
22020,1
13119,1
29647,0
11004,1
27276,1
34045,0
11562,1
23944,1
14362,0
21965,0
37077,0
39525,1
39283,0
21108,0
31333,0
12205,0
33628,0
12533,0
25877,1
13368,1
15196,0
12152,0
11330,0
32057,0
34458,0
15168,0
10615,0
20446,1
27951,1
38206,1
14690,0
22720,1
15783,0
32170,0
11529,0
25196,1
35918,0
13213,0
10488,0
27428,0
34277,1
38879,0
26225,1
28905,1
36625,1
35668,1
10994,0
28403,1
11124,0
15429,0
27518,1
38066,0
26786,0
24755,1
39949,1
17160,0
13743,1
31224,1
24924,0
24331,0
34746,0
38605,1
18519,0
28575,1
36973,0
22407,0
20139,1
27388,1
31441,0
30508,0
11946,0
36749,0
22948,1
35615,1
11740,0
11192,0
12591,1
13278,0
34359,1
10834,1
23076,0
20550,0
35898,0
15096,0
21811,1
21217,0
20086,0
37027,0
20769,0
37929,0
21584,1
31126,0
11837,0
16268,1
34546,0
20635,0
38234,1
22487,1
18058,0
21159,1
12185,0
33008,0
16532,0
22136,0
30847,1
37033,1
11540,0
11385,0
18249,1
35000,0
14283,0
33400,1
26983,0
17992,0
14467,1
17423,0
11067,0
17688,0
39293,0
25889,1
36080,1
28866,0
18299,1
23292,0
36272,1
10767,1
24198,0
38861,0
25192,0
16270,0
27799,1
31378,1
25590,0
31319,0
34632,1
10161,0
25384,0
28728,0
32180,0
30957,0
11711,1
31700,0
15801,0
24075,1
21226,0
29470,0
31012,1
31544,0
30325,0
21448,0
21639,0
34279,0
31164,1
18505,0
10699,0
15286,0
14311,0
22202,0
38496,0
26942,1
14368,0
30518,0
17328,0
37079,0
29560,1
39687,0
15766,0
12847,0
19550,0
38201,1
35643,1
26965,0
14587,0
11387,0
27918,0
36846,1
33665,0
27632,0
29460,0
19545,1
25336,0
17080,1
38248,0
33871,1
20927,0
21508,0
36047,0
28072,0
17139,0
33046,1
17573,0
25906,1
10946,0
38851,0
37120,0
12954,1
33578,0
27147,0
29999,0
27189,0
14600,0
21913,0
39434,1
20061,0
26092,0
14995,0
25117,0
19932,1
10981,0
14479,0
29971,0
17305,1
19674,1
27166,0
18355,0
16492,0
37222,0
15908,0
21450,0
17635,0
21806,1
26705,0
28380,1
14261,0
33972,1
35254,0
38269,1
22339,0
21729,0
30603,0
19526,0
16859,1
12111,0
20738,1
28712,0
19202,0
23400,1
31658,1
32889,0
23825,0
34584,1
17211,0
15022,0
35602,0
14607,0
34831,0
35570,1
27525,1
36693,0
35899,0
28970,0
21790,0
16963,0
21224,1
28551,0
23610,0
23447,0
23364,1
22217,1
38032,0
38933,1
22678,1
35990,1
37006,0
18117,0
24992,0
11570,0
15529,0
36772,1
31351,0
24597,0
35710,1
33679,1
29968,0
29128,0
25285,0
19195,1
31445,0
32393,0
34199,0
25500,1
17319,0
22252,0
25969,1
27243,0
27787,0
23895,0
22906,0
25230,0
25570,1
36862,1
28678,0
35757,0
39063,0
32840,1
13763,0
27751,1
13361,0
31238,0
39275,0
36367,0
17709,1
10347,0
19189,1
11301,0
11039,0
23499,0
26561,0
26711,1
22089,0
29080,0
16506,0
14751,0
18745,1
30226,0
28358,0
24426,0
22762,0
30470,0
10143,1
16243,1
10849,0
21053,0
34127,1
36510,1
39909,0
28322,0
12264,1
23468,1
14985,0
20981,0
38286,0
17921,0
34025,0
30832,0
36290,1
38118,0
34768,1
25597,1
24253,1
37786,0
15180,0
36944,0
23161,0
18490,0
15114,0
26850,0
37971,0
17550,0
11082,0
23941,0
31737,0
34501,0
12874,1
18897,0
28287,1
18617,0
27781,1
27473,0
37035,0
24237,1
30297,0
13011,1
14990,1
15695,0
10906,0
33155,0
11697,1
24079,0
37934,1
11878,0
25919,0
11888,1
31875,0
14932,0
10250,1
33328,0
39129,1
22372,1
38242,0
14648,1
21469,0
24164,1
20013,0
37883,0
10314,0
25992,0
35515,1
28173,0
14054,0
37571,1
30167,0
11300,0
22462,1
18870,0
32559,1
15639,0
28166,0
34948,0
33449,1
10340,0
25058,1
17144,0
14677,1
20815,1
28262,0
10091,1
28197,1
19320,0
12747,0
16196,0
21618,0
32989,0
25145,0
14901,0
38646,0
28062,1
39092,0
24335,0
19570,0
29655,1
22489,0
23761,0
17855,1
38478,0
12412,0
35781,0
17749,0
10336,0
33297,1
15106,1
21352,1
11822,0
34671,1
32609,1
26321,1
12525,0
26382,1
27011,0
38293,0
11972,0
25642,0
34344,0
37395,0
22302,0
12101,1
35914,1
29515,1
33608,0
34736,0
10667,0
25881,1
18550,0
21473,0
17334,1
34661,1
31316,0
20046,1
30449,0
27601,1
20783,1
16350,0
37307,0
14132,0
32897,1
28769,0
28802,0
20578,0
35613,0
18893,1
10266,1
24600,0
27754,1
34439,1
31573,0
30799,0
33096,0
16573,1
38754,0
22236,0
18139,0
22754,0
17726,0
21819,0
26068,1
23223,1
21068,0
23273,0
12285,1
10262,0
22568,0
10825,0
26278,1
22152,0
35033,0
36146,1
37158,1
26194,1
22034,0
10857,0
13754,1
23716,0
29462,0
30651,0
11299,1
29757,0
39406,0
11427,1
39668,0
35013,0
32166,0
14009,0
13266,1
34378,1
14214,0
20215,0
34570,1
35348,0
12659,1
10263,1
33706,0
32934,1
28760,0
18633,0
18814,1
27720,1
29342,1
25277,0
22537,1
39227,0
14916,0
26943,0
23791,1
34838,0
26317,1
28963,0
25091,1
14966,1
21290,0
12762,0
20244,1
35997,0
33814,0
13243,1
15122,1
21896,0
29335,1
25187,0
34817,0
29790,0
17675,0
36616,0
20795,0
29865,0
21624,0
15288,0
11852,0
35029,1
35854,0
23904,0
32012,0
14538,1
27139,1
35798,1
12317,0
15299,0
11993,0
21515,0
38908,0
19464,0
31676,1
20806,0
21422,0
38251,0
30375,1
38344,0
12481,0
28850,1
13796,1
25799,1
36296,0
15148,1
23546,0
12483,0
33285,0
21677,0
14768,0
34555,0
21178,0
13667,0
24863,0
19911,1
19639,0
29150,0
32729,1
37338,0
38938,0
38378,1
15812,0
30872,0
26215,1
28777,0
36524,0
11804,1
34433,0
11413,0
18970,0
22729,0
24751,0
38416,1
34036,0
13254,0
13608,0
24292,0
37404,0
38443,0
31982,0
29694,0
38394,0
30638,0
22522,1
10224,0
27634,0
37926,0
13144,0
16528,0
16502,0
18942,0
20295,0
29138,0
12257,0
24967,0
22560,0
29243,1
23480,0
36448,0
21349,1
21847,0
35376,0
31208,0
10754,0
39155,0
36085,0
14625,1
11718,1
10766,0
20513,0
23075,0
34284,0
38644,0
32788,0
19788,0
21720,0
27326,0
30216,0
18618,0
37772,0
13937,0
33839,0
19881,0
32676,0
29034,0
20653,0
37119,0
36110,0
18128,1
10863,0
39332,0
20520,0
19045,0
36508,0
30393,0
14333,0
25680,0
27744,1
35463,0
19754,0
22511,0
10806,0
13484,0
25843,0
18237,0
31376,1
38817,1
13621,0
19446,1
32089,0
27397,0
33341,1
35471,1
22162,0
10632,0
22231,1
28155,0
16779,0
24069,0
34017,0
19336,0
11487,1
32042,0
28357,0
16816,1
32675,0
23820,1
12210,1
10472,1
35540,1
10462,1
27053,1
18286,0
38003,1
35767,0
14205,1
10955,0
15412,1
36175,1
35001,0
32379,0
39950,1
33380,1
13023,1
17128,0
33675,0
33883,1
34814,1
27919,0
16029,1
25972,0
10883,0
21778,0
35603,0
11208,0
10769,0
33299,1
33102,0
26026,1
22292,1
26590,0
10784,0
28488,0
38502,0
27708,0
14486,0
25973,1
17631,1
29884,0
13123,0
16924,1
31494,0
28981,1
21501,0
19770,0
26213,1
11086,1
11534,1
13100,0
16898,0
37692,1
20760,1
35940,0
29548,1
18587,1
18045,1
24330,0
17152,0
32990,1
20261,1
18079,1
13924,0
16759,0
22213,1
14513,1
20742,0
18822,1
26984,0
13519,1
38580,0
11818,1
35486,0
35608,1
16738,0
34266,0
31181,0
13716,0
24741,0
21188,0
38577,0
29147,1
11333,0
33209,0
37515,0
16758,1
36978,0
16910,0
24695,0
39222,1
24977,0
26838,1
39863,0
28991,0
10238,1
10166,0
33916,1
38935,0
29051,0
28774,1
16634,0
33268,1
31447,0
19969,0
12626,0
34087,1
20158,0
10922,1
20598,0
19047,0
37296,0
20995,1
36960,0
38512,1
38662,1
29691,0
13719,1
34234,0
28672,0
24950,1
30356,0
14002,1
39377,0
25241,1
20870,0
21889,0
34005,0
25348,0
33253,1
28116,1
36318,0
14777,0
31042,0
26411,0
36263,1
14352,0
22642,1
17754,0
15742,0
16894,0
16104,1
20162,0
15644,0
14270,0
32896,0
13244,0
27210,0
27433,0
30578,0
31130,0
28092,1
11376,0
16343,0
27184,1
26012,1
27890,1
16713,0
15898,0
11217,1
18246,0
32062,1
24080,0
19392,0
27613,0
16956,0
38285,0
21303,0
22321,1
26648,0
17548,1
25407,1
22442,0
20212,0
12014,1
18714,0
19600,0
15353,0
19688,0
29739,0
18797,1
11864,0
27145,1
27057,0
34163,1
11492,1
18801,0
30695,1
16552,0
31335,1
16030,0
28978,0
26649,0
39789,0
24460,0
21132,0
11749,0
37061,1
23858,0
20311,1
20841,0
21169,0
11064,0
37650,0
27644,1
39461,0
22305,0
17788,0
22404,0
13156,0
17944,0
32893,0
14579,1
19506,0
28457,0
31535,0
21470,0
36294,0
30268,0
38567,0
24264,0
28517,1
24867,0
38521,0
18636,0
23544,0
32732,0
12333,0
29916,1
29008,1
11132,1
14339,0
22027,0
30152,0
31910,0
26075,1
23029,0
21745,0
13452,0
27878,1
39722,0
10918,1
36259,1
13880,1
10816,0
27128,1
21599,0
35828,0
32779,0
27308,1
38794,1
31488,1
34196,0
25515,0
24012,0
12301,1
31108,1
25485,0
18699,0
23667,0
18152,0
18923,0
20533,0
39123,1
35071,1
25220,0
36887,1
30687,1
14654,0
14594,1
31264,1
30630,0
32925,0
18622,1
34184,0
18425,0
13910,1
22580,0
33452,0
32608,1
16652,0
11501,0
19470,0
12221,0
11075,0
14667,1
10399,0
24761,0
26365,1
25807,0
19863,0
25232,1
20800,0
28318,0
20929,1
11455,0
21191,0
18410,0
39427,1
32421,0
17059,1
20595,0
28540,0
29952,0
33211,1
22241,1
18142,0
33927,0
12355,1
32153,1
27743,0
17471,0
21858,0
29175,1
24151,0
12663,1
23880,1
21951,1
18848,0
33362,0
37679,0
10958,0
23765,0
38928,0
36209,0
35094,0
17503,0
35362,0
34245,0
31977,1
16227,1
38595,0
11101,0
11952,1
35395,0
24664,0
28821,0
35136,0
16745,0
20992,0
22771,0
28392,0
28436,1
35075,1
11618,0
37622,0
33385,0
27859,0
36413,0
12033,0
24185,1
21643,0
18310,0
29471,1
19146,1
20211,1
34265,1
28136,0
21687,0
13626,0
22457,1
18803,0
26136,1
32612,1
18268,0
37108,0
26830,0
33721,1
10850,0
13618,1
24963,1
27661,1
14957,0
13255,1
28119,0
35748,0
36121,0
10945,0
26941,0
22026,0
37032,0
38088,0
26102,0
14033,0
28811,1
27589,1
26324,1
19216,1
27982,1
32659,0
38497,0
26439,0
38485,1
18468,1
14845,0
11757,1
12683,0
29260,0
18777,0
22793,0
37989,0
23435,1
28505,1
26895,0
33383,0
27211,0
15373,0
10054,0
32358,0
12949,1
18487,1
22671,0
29601,0
26156,1
26074,0
27074,0
26904,1
35177,1
37234,1
38881,0
31227,0
18932,1
34974,0
13569,1
27529,0
24114,0
38341,0
13315,0
28699,0
29765,0
22695,0
30190,0
12661,1
14928,0
24672,0
18473,0
21797,0
28489,0
26671,1
37057,0
34068,1
39681,0
25514,0
30804,0
23534,1
21574,0
27593,0
38503,1
14029,0
36452,0
16450,0
10312,1
13117,0
32544,0
29124,0
31066,0
17460,0
15895,1
12674,1
29004,0
38801,0
21440,0
17461,1
25248,0
16252,0
35018,0
16821,0
18154,0
36083,0
24607,0
14463,0
27771,1
22865,0
23983,1
28171,0
20564,0
37915,1
20782,0
23496,1
22011,0
16880,1
32909,1
13651,1
24367,1
24512,0
15882,0
30038,1
22844,0
20327,0
20934,0
15802,0
17075,0
21821,0
19434,0
17878,0
17681,1
33783,1
26180,0
31031,1
14039,0
28111,1
20897,0
20052,0
26891,0
39418,0
30139,0
18057,0
15494,0
15942,1
35588,1
34391,0
23706,1
27480,0
30433,0
27190,0
34952,0
34424,0
39515,0
31856,1
39257,0
21883,0
11999,1
22640,0
21409,0
17703,1
14733,1
16497,1
20620,0
33287,1
31167,1
36115,0
13164,0
22028,0
36894,0
39579,0
35639,0
10301,0
23052,0
15947,0
37658,0
34876,0
15453,1
29781,1
15536,1
17939,1
13585,0
18951,0
35826,0
19093,0
15112,1
37919,1
33255,0
10584,1
24255,1
29662,1
37962,0
10005,1
18015,0
23719,0
15694,0
29527,0
28657,0
23875,0
18414,0
17100,0
17027,1
32346,0
24835,0
22989,0
37928,1
16420,0
17280,0
36009,0
28838,0
22930,0
37417,1
26293,0
35875,0
17183,0
23466,0
28922,1
26874,1
11949,0
35953,1
20273,1
36108,0
27777,0
22189,0
21561,1
21837,0
11215,1
16646,0
38128,0
15666,1
23573,1
32484,1
20789,0
29003,0
36775,0
13547,1
20434,0
35726,0
18878,0
22839,1
20386,1
26990,0
24366,1
26070,0
39834,0
11275,1
24007,0
36922,1
29666,1
29097,0
21854,0
31244,0
18572,1
22954,0
27408,0
19088,1
26898,1
28893,0
34848,1
21807,1
28058,0
26657,0
11096,0
39816,0
30463,0
24236,0
33828,1
39890,0
38188,0
12061,1
11642,0
13040,0
24857,0
38099,0
25071,0
17938,0
28480,0
16905,0
29408,0
17250,1
37419,0
21528,0
24780,0
31668,0
36234,1
38375,1
17793,0
14823,0
12646,1
23031,1
24104,1
19476,1
30935,0
39718,0
14867,0
29448,0
19486,0
18122,1
20625,1
25706,0
28485,0
28420,1
10057,1
32504,1
15281,0
37482,1
28548,1
19364,0
21823,0
28707,0
11239,0
26001,0
27863,0
39361,0
34327,1
33666,0
16581,0
15641,0
22449,0
23522,0
39408,1
35389,0
15229,1
21451,0
19818,1
28637,1
19833,0
29444,0
36267,0
26040,0
31196,0
18370,1
18477,0
36903,1
26580,0
17958,0
36126,0
39023,0
30365,1
23485,0
27447,0
36852,0
28248,1
26243,0
37424,0
25911,1
32244,0
20412,1
36017,0
24945,1
29882,1
29074,1
33833,0
20698,0
26014,0
29698,0
15141,0
27059,0
15048,0
33779,1
28241,0
17630,0
21235,1
10758,1
11355,0
31043,0
16290,0
23139,0
15250,0
23756,0
25490,0
28679,0
32815,1
19056,0
15082,0
16016,0
25775,0
37318,1
36377,0
35259,1
10356,0
17195,0
18625,1
35279,0
38953,1
30175,1
24403,0
27463,0
23433,0
36526,1
19304,0
16009,0
35278,0
16584,0
33872,1
10561,1
14370,0
14310,0
27422,1
35547,0
27742,1
23951,1
26842,1
13237,1
12379,0
22742,0
37138,1
33357,0
37960,0
14606,1
19996,1
37925,0
24949,0
38243,0
23978,1
28822,0
23855,1
24411,1
21580,1
18802,1
14986,0
12398,0
22278,1
39519,1
20572,1
11019,0
23584,0
31286,1
22521,0
28954,0
26510,0
13638,0
31847,1
17732,1
12287,0
32436,0
19010,1
25986,0
15182,0
11991,0
31623,0
38759,1
39767,1
27014,0
28878,0
33507,0
37528,1
10088,1
39094,1
26064,1
36661,1
34486,0
31628,1
34461,0
34729,0
12375,0
19537,0
21583,1
31200,0
20632,0
21700,0
29323,0
24861,1
18647,0
10521,0
33913,0
29399,0
20290,0
20605,0
26401,0
18193,0
15125,0
23307,0
38239,1
21043,1
22362,1
25778,1
13933,1
36518,0
27610,1
10973,0
36676,1
23618,0
38904,0
28379,0
16193,0
36556,0
31637,1
15053,0
15834,0
33472,0
11175,0
18552,0
10898,1
30262,1
22456,1
14567,0
11259,0
30932,0
20104,0
24561,0
32425,1
14575,1
12359,0
29193,1
33586,0
36998,1
37994,0
30927,0
39364,1
28652,1
37388,1
33305,1
37764,0
23262,0
11636,0
15464,1
37675,0
35117,0
24895,0
18728,1
10375,0
22296,1
22108,1
38124,0
32401,0
15014,0
19633,1
25511,0
15227,1
22206,0
10019,0
10289,0
12571,0
22998,1
15517,0
15790,0
22149,0
24527,1
18207,0
10537,1
16141,0
18352,1
17483,0
37364,0
30457,0
39857,1
19338,0
16795,0
36932,1
36004,1
27947,1
37441,1
33724,1
23187,1
25414,1
37792,0
31890,1
25104,1
36815,1
21763,0
13287,0
29227,1
37226,1
38903,0
25311,0
25859,0
16372,1
32338,0
21153,1
39724,0
39497,1
14534,1
32527,0
37103,0
21458,0
38120,0
29530,0
14482,0
23948,0
19330,1
38839,0
12362,0
21779,0
20705,0
20269,0
15108,0
18609,0
23148,0
27896,0
21713,0
39703,1
33055,1
33343,1
33854,1
24777,1
37426,0
10362,0
18377,0
21802,0
14955,1
24504,1
31044,0
30055,1
37003,1
24110,1
19289,0
27280,0
13527,1
22256,0
14272,0
39496,1
23690,1
26078,0
25454,0
20491,0
29549,1
38149,0
39160,1
33715,1
26372,0
38267,0
35490,1
30271,1
35191,1
13422,1
38791,0
23156,1
21585,1
30579,0
16984,0
35770,1
26334,1
14186,0
20802,0
30829,1
37268,1
21412,1
36269,0
11746,1
19335,0
35688,1
21446,1
29656,0
14765,0
26033,0
26077,1
21545,1
36196,0
36576,0
17318,1
16482,1
28814,0
14008,0
32749,0
16558,0
35527,1
34602,0
14361,0
34812,1
35519,1
11891,1
39979,0
30482,1
16995,0
31020,0
33804,1
22447,1
15760,0
22508,0
30485,0
14330,0
28858,0
28312,0
17706,0
25926,0
33048,0
27205,0
28132,0
37171,0
19354,1
25213,0
15388,0
15431,0
12576,0
11159,1
28476,0
29930,0
19013,0
15339,1
21601,0
16565,0
20164,1
12123,0
23427,1
13722,1
16126,0
32000,0
23465,1
13865,0
29057,1
22319,0
37152,1
33922,0
26090,1
28193,0
19415,0
10333,0
16682,0
11194,1
37366,0
23651,1
28936,1
32119,0
28503,1
19723,0
20552,0
31505,0
11377,1
22171,0
33743,1
21101,0
29846,0
14243,0
28702,1
36644,0
26615,1
20694,0
28860,0
17983,0
36589,1
14717,0
20026,0
34813,1
31571,0
12008,1
12873,0
13661,1
24375,1
13250,0
36891,0
11927,0
11057,0
38367,0
27352,0
20323,0
30442,1
29703,0
24659,1
20129,0
11345,1
21650,1
39908,0
39074,0
27228,0
36163,0
38806,0
23582,0
31891,0
30910,1
35160,0
36096,0
26637,1
20778,0
28958,0
30494,0
16310,1
29719,0
12304,0
36186,1
20474,1
16176,1
38022,0
12901,0
10798,0
12364,0
15927,0
31522,0
14975,0
22536,0
36571,0
11986,1
23661,0
24326,0
17588,0
25658,1
38148,1
15833,1
15052,0
34281,0
37111,1
38665,1
29454,0
26625,0
35206,0
12675,0
27061,0
30661,1
12700,0
15726,0
25661,0
37511,1
24627,1
30906,1
20355,0
11430,1
39672,0
22861,1
35680,0
28795,0
36696,0
25329,0
31959,0
17695,0
37947,0
30749,0
17532,1
32518,1
21559,0
22343,0
27021,0
27476,1
24557,1
13234,1
14987,1
26161,0
28527,1
18501,0
12476,1
16613,1
39149,0
13403,0
29484,0
21073,0
36503,0
35518,1
23807,0
20729,0
18478,0
25749,0
25254,1
20363,0
24061,0
27941,1
19442,0
32827,0
13471,0
27381,1
28908,1
13907,1
30894,0
20388,1
13263,0
37897,0
33566,0
38308,0
15866,1
11025,1
22017,1
32198,1
27393,1
12796,0
34468,1
14228,0
27160,1
28627,0
18455,1
26862,1
20757,1
26668,1
21330,0
26612,1
38675,0
31827,0
26104,0
23269,1
33846,1
38735,1
26122,1
18135,1
34211,0
23481,1
20065,0
11488,1
26493,0
24746,0
26867,1
28685,1
21277,0
12882,0
38731,0
14549,1
24618,0
29363,1
28611,1
24935,1
34153,0
13815,1
38492,0
38966,0
38211,1
37640,0
37966,1
31336,0
22804,1
35163,1
12726,0
19842,0
17192,1
32833,1
23781,0
33555,1
21831,0
32282,1
24735,1
34462,0
38338,0
22160,0
16067,0
18402,1
37827,1
25840,0
27223,0
31851,0
27883,1
26118,0
26872,1
20084,0
19169,0
22088,0
21887,1
34784,0
39360,0
10659,1
25370,0
25763,0
26996,1
24575,0
38469,1
20019,1
20387,1
11454,1
35843,1
38714,0
20549,0
35324,1
17165,0
12660,1
25558,1
18996,0
32486,0
32351,1
15608,0
37510,1
27224,0
11738,1
20005,0
18993,1
27277,0
12477,0
39847,0
27509,1
22054,0
26805,0
23006,0
33606,0
14748,1
20613,1
29957,0
31119,0
12336,1
34526,1
38107,1
10062,0
26870,1
20997,0
34168,1
31604,1
13245,0
39382,0
19339,1
33300,0
13116,0
26714,0
37430,1
16274,0
27111,1
20612,0
24585,1
18199,0
19345,0
34706,0
19709,0
12606,0
27010,0
15504,0
31331,0
35276,0
30421,1
27889,0
26908,0
37261,1
25159,0
26241,0
27345,1
35885,0
24865,0
15206,1
25153,1
22367,0
38661,0
18276,0
39824,0
35754,0
12906,0
28307,0
19224,0
22430,0
14080,0
25101,0
31809,1
30647,0
13604,0
23939,0
24998,0
22841,0
39231,0
25174,0
18159,0
19528,0
17459,0
17534,1
12069,0
18033,0
24226,0
10564,0
19215,1
27785,1
34289,1
25962,1
37806,1
13209,1
15220,1
35612,0
16500,0
38589,0
16665,1
27693,0
33312,1
23588,0
34507,0
17153,0
26814,0
17054,1
21405,0
18253,0
20956,0
23629,0
35981,0
14469,0
16769,1
10265,0
32704,1
20191,1
29464,1
14722,1
30689,1
23859,0
36855,1
18059,1
19687,0
30464,0
17736,1
36878,0
35329,1
35813,0
10493,1
32371,0
38523,0
22713,0
20942,0
38674,1
30294,0
28002,0
18318,1
26540,0
18061,1
33033,1
32653,0
36071,0
20998,0
33966,0
29540,1
14052,0
18271,0
20002,0
25852,0
38401,1
17699,0
32347,0
35993,0
27760,0
27465,0
15528,0
33811,0
33470,1
16024,0
12312,0
36398,1
11104,1
25302,0
39095,0
13961,1
20569,0
19502,1
39905,0
24008,0
36536,0
15346,0
31871,0
39888,0
30320,0
31482,0
10785,0
25290,0
26219,0
15450,0
22253,0
28148,0
20429,0
14542,0
18915,1
23191,0
30801,0
16721,0
34969,1
23051,0
23310,1
29306,0
31372,0
28412,1
38964,0
18809,0
21774,0
32922,0
12968,0
29494,1
26086,0
10288,0
26673,1
36910,0
29025,1
23421,0
11569,0
19690,0
39170,0
11603,1
21678,0
14392,0
30126,1
32952,0
26871,1
16884,0
15483,0
38683,0
20624,0
36076,0
33545,0
16434,0
39234,0
17439,0
21061,0
16003,0
20277,0
15293,0
12738,0
35222,0
33465,1
23768,0
33494,0
11267,1
10060,0
36370,0
20855,0
35789,0
21660,1
29428,0
10549,1
16961,0
29414,1
32859,0
39374,0
27734,0
34847,0
22186,1
19353,0
17463,1
25405,1
34379,0
13977,0
30512,0
17074,0
11552,1
37610,1
39028,1
28205,0
17595,1
27571,1
12891,1
37049,0
15469,0
23687,1
35791,0
29265,0
35286,0
30004,0
12746,0
26004,0
36914,0
28711,1
19155,0
11705,0
20095,1
16181,1
31021,0
27857,1
12024,0
27807,0
29396,0
34619,0
17553,1
30095,0
37470,0
26685,0
27363,0
19034,1
14774,0
36995,1
26133,1
13769,0
12992,1
31662,0
13454,0
33122,0
20339,1
13928,0
12534,1
35224,0
39877,0
23189,0
26586,1
12784,0
10628,0
31993,1
16653,0
34081,0
10637,1
26674,0
38515,0
24174,1
32777,1
10432,1
12513,0
24155,0
15879,0
39462,1
14716,1
11669,0
16547,0
21627,0
15115,0
21374,1
14913,1
19223,0
35638,0
30422,0
19906,1
37500,1
34873,1
10917,0
33522,1
31391,0
22643,0
24416,0
35903,0
32140,1
33216,1
10807,0
23330,1
33727,0
19111,0
29347,0
25803,0
20971,0
32422,0
38641,1
28031,1
26541,1
36394,0
11686,1
16542,1
21071,1
22946,0
33165,0
14824,0
38554,0
30361,0
36025,0
19953,0
10579,0
33533,0
29258,0
21110,1
25984,1
17866,0
19165,0
28426,0
10581,0
30523,0
15254,0
36761,1
29598,0
29718,1
17031,1
22675,0
29151,1
11677,1
17578,0
17602,1
20701,0
12810,1
10464,0
24550,0
33907,0
39612,0
29081,1
24641,1
16098,0
37394,0
26435,1
23293,0
11604,0
39875,1
20466,0
23117,1
18909,0
20209,1
19012,1
25223,1
32171,1
22966,0
14394,0
24566,1
38345,0
12456,0
36562,1
39692,0
20675,0
34726,0
11918,1
10862,0
23431,1
39215,1
35006,0
37519,0
25015,0
34352,0
16804,0
28438,0
26766,1
17383,0
19377,0
30568,0
27566,1
13398,1
29255,1
31508,1
23383,0
38638,1
31826,0
18239,0
38408,1
27430,0
22555,1
12344,0
26444,0
30392,0
38169,0
16656,1
16649,0
16451,1
10586,0
39060,0
32465,0
16054,0
17398,1
28846,0
26065,0
13925,0
33937,1
31557,0
26750,0
12589,0
27755,1
29046,0
13750,0
28324,0
20020,0
15056,0
34130,1
29555,0
28847,0
15163,0
20134,0
26684,0
24569,0
14642,0
21662,1
29753,0
22317,0
16623,0
16349,0
29010,0
21111,1
30364,0
25465,0
15367,0
32277,1
38061,1
33178,0
35078,0
39187,1
26863,0
14930,0
20119,0
34412,0
17721,1
13059,1
37154,1
30559,1
30340,1
18301,1
23902,0
37083,0
33320,0
30324,0
30820,0
32542,1
34622,0
22606,0
35833,0
20804,1
16711,0
29112,0
23289,0
27540,0
17010,0
37811,0
31846,0
21755,0
12829,0
39265,0
25792,1
24559,1
31603,1
36280,0
19780,1
31595,0
20946,1
21275,1
32413,0
18269,0
36297,0
13286,1
20883,1
23069,0
12492,0
31086,1
17479,1
32430,0
20300,0
29378,0
15749,1
34677,0
34905,0
23816,0
18409,0
15764,0
28718,0
26452,0
29393,1
23474,1
27178,1
31916,0
28158,0
24542,0
30483,0
17854,0
20514,0
35687,0
34897,0
28192,0
36792,0
37581,0
30318,0
28003,0
16341,0
15798,0
34645,0
24970,0
31814,1
31672,0
17777,1
22535,0
38798,1
36463,0
26327,0
33571,0
33003,1
17245,0
17352,0
39861,0
34041,1
14355,0
13523,0
11688,0
37219,1
39686,0
35005,0
25903,0
22197,0
19698,1
13635,1
34151,0
18226,1
23664,0
23559,1
31574,1
35957,1
18658,1
37321,0
17026,0
17780,0
23386,0
37456,0
17119,0
34355,0
36273,1
12743,0
29571,1
27762,0
24891,1
25595,1
36987,0
17970,0
36752,0
31886,1
30138,0
27611,0
28405,0
29774,0
34841,0
32589,0
33294,0
23301,0
28742,1
14422,0
33502,1
19230,0
38712,1
37188,0
28090,0
30417,0
18018,0
37963,1
36444,1
24794,1
34064,0
35193,1
34189,1
35360,0
14976,1
11723,0
11846,0
21192,0
16902,1
37666,1
27909,0
18626,0
27154,1
30069,0
37129,0
15140,1
12156,0
12965,1
22505,0
10565,0
38080,0
15771,0
15235,1
14899,0
18315,0
14470,1
32122,0
33877,0
19274,1
16394,0
10751,0
23349,1
39097,1
13514,0
39125,0
29819,1
39628,0
25720,0
30992,1
16177,0
32475,0
35582,0
37018,0
30902,0
24461,0
11670,1
24357,0
11784,0
28761,0
18941,1
24228,1
16025,1
20975,0
29709,0
33965,1
26914,0
19839,0
12311,1
24030,1
25126,0
37840,0
15668,1
20773,0
20343,0
22299,0
12247,0
15768,0
34552,0
12017,0
22892,1
15815,1
18750,1
12795,0
27137,0
12787,0
17973,1
28146,0
12920,0
13170,1
22053,0
36741,0
24210,0
36010,1
19703,1
20231,0
31049,0
22484,0
11240,0
30452,0
12515,0
31301,1
19599,1
13611,0
15446,0
19959,0
38900,0
26865,1
23878,1
19432,1
20364,0
34887,1
11805,1
18782,0
22598,1
24244,0
39964,0
17367,1
29251,0
34603,1
28494,0
36750,0
34111,0
18866,0
29879,0
12135,0
26230,0
20440,0
29726,0
17997,1
29807,0
17325,1
29589,0
30491,0
34416,0
15770,0
24249,0
16166,0
35055,0
27970,0
28117,0
23136,0
33787,0
37701,1
14588,0
21709,1
17593,0
24488,0
17871,1
35683,0
39324,0
27257,0
18114,1
24782,1
39329,0
24071,0
29921,0
16514,0
39319,0
27845,1
33143,0
24598,0
38668,0
11710,1
37596,0
19678,0
24523,0
12915,0
20405,0
23160,0
14968,1
27641,0
33350,1
18359,0
15727,0
17343,0
11282,0
20907,1
39031,0
34780,0
14356,0
32689,0
14706,0
18778,0
28782,1
20383,0
10175,0
33474,0
19586,0
12940,0
32066,1
23876,1
17293,0
38572,0
37709,1
36592,0
32792,0
31651,0
23296,1
18773,0
34833,1
35732,0
10170,0
17492,0
19081,0
19828,0
39850,0
26991,0
20130,1
21133,0
22886,0
10595,0
32444,0
12204,0
23056,0
31371,0
11044,0
38831,0
17104,0
22694,0
34101,0
20891,1
30366,0
29989,0
14702,0
26442,0
16463,0
38915,0
27784,0
39743,1
13592,0
24362,0
30504,1
14115,0
28275,0
15703,0
35895,0
36652,1
26141,0
10287,1
37549,0
33310,0
21381,1
29821,0
24896,0
35338,1
25059,0
38611,1
30781,0
32605,0
19316,0
37575,0
35274,0
31248,1
38228,0
30983,0
35640,0
32278,1
37089,1
34016,0
11402,0
16943,0
34868,0
28556,0
14208,0
11237,1
33333,1
36581,0
11609,0
10491,0
35308,1
38187,0
24520,0
33519,1
23711,0
22922,0
13386,0
29699,1
31170,0
29383,1
26298,1
23556,0
38313,1
37294,1
32768,0
15859,0
21356,0
38656,1
34540,1
12863,0
17228,0
23541,0
38634,0
36533,1
26447,1
23180,0
14064,1
15181,0
13441,0
32320,1
26664,1
14092,1
19990,1
13749,0
20194,0
22851,1
18553,1
26175,1
37837,1
26582,0
29517,1
15729,0
17154,0
31490,1
10492,0
15131,0
13223,1
29407,0
38415,0
24792,1
10087,0
26195,0
26802,0
24454,0
19944,0
10435,0
21593,1
30488,0
31778,0
17196,1
21579,1
38983,1
36043,1
19170,0
11152,1
18891,0
22785,0
37309,0
23959,0
32225,0
30212,1
28434,0
32588,1
27768,1
22853,0
11113,0
24171,1
29379,1
14021,0
29505,0
37975,0
11431,0
15711,0
27513,1
30246,1
34077,0
10596,0
27573,1
34326,1
24319,1
11313,0
33651,0
25638,1
15049,1
32342,1
21139,1
11106,0
39357,0
23590,0
36220,1
26342,1
27701,0
38610,0
26939,1
31533,1
16225,1
18580,0
17803,0
15369,0
29220,1
39688,1
15025,1
10666,0
12253,1
22658,0
29082,0
22300,0
22307,0
39849,1
37463,0
29836,1
20276,1
29211,0
38437,1
19809,0
30909,0
13696,1
14536,0
14089,0
33019,1
24723,0
11899,1
22291,0
23334,0
18539,0
12080,0
34527,0
14537,0
38464,1
18727,1
15290,0
26420,0
19376,0
25481,1
24134,1
17132,0
16504,1
12709,1
31081,0
36635,0
14174,1
31828,1
29782,0
12851,0
25618,1
29131,1
33093,0
23997,0
18449,1
39650,0
17071,0
20044,1
24229,1
39559,1
21190,0
17174,0
27482,0
12994,1
11560,0
25406,0
26592,0
15324,0
33448,0
35472,1
22096,1
31055,1
31179,1
25851,1
37554,1
15744,1
23723,1
26643,0
34295,0
28515,0
24203,0
24120,0
22816,1
10267,0
30600,0
28514,1
14910,0
10781,0
17282,1
10428,0
12118,0
26596,1
11452,0
31229,0
36498,0
31466,0
34971,1
25654,0
31399,1
15844,1
30619,0
12025,0
39796,0
31699,1
39017,0
36525,0
38042,0
34781,1
26119,1
32863,1
33955,0
17331,0
19661,0
39036,1
12109,0
19166,1
37780,1
19776,1
20535,0
28269,0
19981,1
32319,0
24441,0
28522,1
26096,0
32997,0
27218,0
16569,0
11080,1
25340,1
32533,0
13236,1
32156,0
39133,0
33454,0
38136,0
36967,0
16644,0
32745,1
31645,1
23533,1
21253,0
23884,0
21672,0
18638,1
30685,1
10210,0
38541,0
13448,1
13850,0
15543,0
28108,0
21228,0
19602,1
36812,1
31386,0
14264,0
27815,1
26428,0
12777,1
14386,0
29729,1
18685,1
12230,1
28996,0
12442,1
26288,0
23183,1
31561,1
10097,0
11146,0
29746,0
16093,1
28466,0
26957,0
12799,1
22230,0
10439,0
21669,1
31058,0
31273,1
12865,0
15222,0
22775,0
34732,1
14881,1
17984,0
12905,0
13633,0
19105,1
37753,0
35971,0
24483,1
12087,0
27962,0
29164,1
12455,0
35050,1
19092,1
12585,1
20810,0
17087,0
19884,1
14789,0
24969,1
15424,1
18221,1
24081,1
18754,0
39066,0
29816,0
32684,0
15952,1
17249,1
17672,1
16791,0
36945,0
38218,1
14828,0
36159,0
16218,0
32987,0
22347,1
31772,0
27477,1
37664,1
36239,0
25130,1
32817,0
17590,0
32384,0
21047,1
23170,0
29534,1
17076,1
12856,1
37086,0
20863,0
12068,0
12638,0
11361,0
18516,0
29416,1
32074,0
26989,1
31629,0
29805,1
37438,1
31696,0
28929,0
30560,1
35044,1
10831,1
24576,1
12676,1
32197,1
15996,0
28075,0
29485,0
36142,1
31348,0
31426,0
29433,1
28592,1
32292,0
31918,0
17604,0
23952,0
11193,0
23504,0
25419,0
18683,0
32433,1
12039,1
12134,0
16520,0
14978,0
22308,1
19467,0
38631,0
37615,1
14406,0
23197,1
23202,0
33374,1
22993,1
10107,0
14553,0
25569,0
25609,0
37921,1
39573,0
10648,1
19255,0
38261,0
36540,1
30735,1
18751,1
17230,0
12030,0
10015,1
27989,1
20905,1
21893,0
35032,0
13392,1
21786,1
33902,0
19226,1
30502,0
19899,0
33891,1
17834,0
27283,1
22111,0
11679,1
30104,0
17019,1
31944,1
13828,0
11564,0
18916,1
30214,0
13021,1
36172,0
10796,0
31789,0
11750,0
25022,1
18536,0
15903,0
24372,0
31774,0
23185,0
22223,1
35426,0
26854,0
11134,0
14906,1
23695,1
26039,1
27390,0
22382,0
31819,0
38594,0
11719,0
34217,0
28239,0
23755,0
31275,1
22838,0
16846,0
32620,1
16856,0
23797,0
11467,0
14141,0
25938,0
38728,0
19217,0
28843,1
25965,0
10043,1
15232,1
37869,1
15070,1
19823,0
28675,0
16505,1
30812,1
39630,1
23840,0
13639,0
28088,0
27175,1
27983,1
29542,0
16002,0
13202,0
29169,0
38147,0
35916,1
23147,1
38466,0
29134,0
29964,1
12050,0
28950,1
20772,0
20303,0
33126,0
20389,0
29996,0
30149,0
35131,1
35651,1
27895,1
19628,0
27176,1
34285,0
21135,0
19902,0
16128,0
32150,0
16049,0
37731,0
16068,0
13632,1
26508,0
31521,0
36487,1
26994,1
36513,1
31022,1
28316,1
12781,0
16130,0
17969,0
16023,0
18775,0
17217,0
35682,1
15088,1
25217,0
16792,0
38815,0
15308,0
28190,0
27414,1
25157,1
14762,0
24138,0
30648,1
16240,0
25202,1
16954,1
29800,0
13480,1
35584,0
23380,1
13159,1
28428,0
35466,1
36791,0
26436,1
34039,0
29050,1
31451,0
12813,0
35706,0
11292,1
28154,0
38407,0
34628,0
29572,0
39445,0
15405,0
33634,0
16107,0
38536,0
17933,1
10286,0
20526,1
30286,0
12274,1
32697,1
34194,0
35815,0
29319,0
24144,0
31115,0
20899,0
15679,0
11568,1
37621,1
26129,1
11882,0
32448,0
13884,1
15931,1
25199,0
13305,0
33772,1
10841,1
26036,0
35566,0
31889,1
17268,0
26188,1
27398,0
11760,0
34735,0
33780,1
12587,0
31228,0
14206,1
26807,0
39545,1
26023,0
30786,0
11675,0
17863,1
34067,1
25513,1
21999,0
34761,0
27357,0
18027,0
30758,1
14384,0
34237,1
34936,0
19371,1
21767,1
27195,1
21568,1
14818,1
37272,0
17685,0
39194,1
39874,1
31440,1
15208,0
18275,0
19534,1
36558,1
28508,0
24354,1
21773,0
19278,0
30196,1
24202,0
30257,0
14880,1
39959,1
10775,0
13559,1
17418,1
23086,1
19118,0
21752,1
15855,1
35567,1
18507,0
13239,1
25503,1
15154,1
22190,0
15463,0
23381,1
21968,1
16594,1
18937,0
12371,0
27687,0
17511,0
35935,0
24615,1
15249,0
27731,0
28337,0
10647,1
18795,1
21933,0
22293,1
27036,1
20101,0
33354,1
16301,0
16272,0
32482,0
11998,0
35296,0
22855,0
23478,0
28106,0
24717,0
31929,0
16466,0
13088,0
39285,0
14897,0
29982,0
34357,0
21842,1
17869,0
14683,1
26903,1
10875,0
12203,0
18375,0
18368,0
30444,0
22396,0
15074,1
17417,1
18127,1
32229,1
24404,1
16258,0
39533,1
23744,0
18064,0
27436,0
30357,1
25690,0
20431,0
36405,1
20692,1
16475,0
16439,0
32621,0
14082,1
18157,1
15548,0
28884,0
26271,0
35290,1
18428,0
24382,0
32765,1
13015,1
16393,1
23497,1
10073,1
12473,1
39547,0
37059,1
37525,0
36912,0
34998,0
33572,1
39503,1
20050,1
21095,1
19974,1
30406,0
21566,0
22104,0
11992,1
32234,0
34052,1
14262,0
10660,1
24888,0
29931,0
21492,0
27305,1
33360,0
30978,0
34155,0
38356,1
27858,0
20896,0
24931,0
34927,0
20485,1
39264,0
26309,0
37892,1
26024,0
24529,0
31410,1
36256,0
27709,0
24471,0
36953,1
33256,0
15806,0
37127,1
14328,1
32831,0
16392,1
15084,1
18910,0
31008,0
36870,0
23624,1
28066,1
18108,1
35647,1
23868,1
14449,0
27615,0
19610,0
31324,0
23571,1
36031,1
27575,0
15757,1
24540,1
23020,1
33028,0
35268,0
20895,1
15930,0
36535,0
11817,0
36376,0
17116,0
25096,1
13379,1
34657,1
18399,1
35067,1
16747,1
31360,0
17963,1
39282,0
31951,1
38044,1
37069,0
24584,1
37492,1
16311,1
28354,1
25044,0
10891,0
37255,0
15792,1
30803,0
24919,1
23042,1
10003,0
33453,1
27421,0
30026,0
34128,0
35069,0
12326,1
36243,0
28321,1
24057,0
36771,0
39911,0
37024,0
17063,1
24666,1
28584,1
30811,1
31144,0
13534,1
19095,0
19407,1
15560,0
15535,0
29216,0
39335,1
36943,0
20463,0
29239,0
17572,1
35946,1
21793,0
17599,0
22826,1
34896,0
36795,1
24800,1
15775,0
19061,1
31469,0
22895,0
39828,0
15828,1
35733,0
26475,0
33381,1
14496,0
20601,0
36231,0
16844,0
29079,1
34197,1
20264,0
18314,1
18213,0
21016,1
15678,1
12615,0
19126,0
20603,0
17035,1
22035,0
20173,0
10498,1
26690,0
27384,1
35003,1
28170,1
15860,0
13613,0
16353,0
29240,1
22813,1
16144,0
39310,1
12475,1
26246,1
28595,0
23388,0
17723,0
22626,0
12413,0
28114,1
30240,0
32314,0
26779,1
30338,0
27163,1
21270,0
37565,1
30968,0
15541,0
23455,0
12570,0
32960,1
24148,1
22688,0
33005,0
19235,1
39581,1
27604,1
13578,0
13887,0
14431,1
35764,1
34907,0
33044,0
22029,0
23597,0
19346,1
24432,0
34800,1
20288,1
23604,1
22001,0
29741,0
21495,0
27938,0
14758,0
23295,0
37468,0
12268,0
10823,0
25691,1
28557,0
13999,1
32553,1
20586,0
25189,0
13134,0
29250,1
16397,0
25402,1
16731,1
20650,0
34756,0
11233,1
28909,0
16455,0
18288,0
14071,0
14761,1
18920,0
17450,0
17763,0
18537,0
37346,0
26109,0
38452,0
24614,0
18723,0
30033,0
27416,1
16507,1
30569,0
35214,0
32664,1
31678,0
15075,0
14269,0
19135,0
37882,1
26502,1
39197,1
14023,0
35432,1
13228,1
35435,0
18719,0
19363,0
36759,1
10694,1
28993,0
25259,1
14162,0
14069,1
22768,0
13782,0
23065,1
28364,1
32114,0
11398,0
37967,0
21592,0
24444,0
14759,0
12717,1
28603,0
24145,1
22587,0
18150,1
20528,1
31112,0
18597,0
12904,0
28911,1
39565,0
34902,0
32554,1
20939,1
11302,1
19883,1
31100,0
35410,0
33604,1
35002,0
27129,0
25887,0
15883,1
12104,1
16108,1
16429,0
36213,1
10885,1
34872,1
16661,0
36798,0
37051,1
37209,1
20282,1
24154,1
19281,0
10123,1
23319,1
36334,0
35347,1
14657,0
10773,1
34929,0
22875,0
18898,1
37855,1
26835,0
12460,0
18877,1
37728,0
20623,1
39711,0
25263,1
10757,0
30524,1
34882,0
27217,1
16803,0
29504,1
18099,1
20735,0
17163,1
36222,0
25396,0
30779,0
28151,0
25115,1
35249,1
24195,0
30162,1
25004,1
23552,0
26704,0
39943,0
37559,1
11802,0
14075,0
10148,0
11415,0
19637,0
39115,1
16553,0
20255,0
22042,1
16683,0
33603,0
39677,1
19719,0
20426,0
19082,1
15348,0
31943,0
23603,1
22877,0
29066,1
28256,0
32644,1
38185,0
24971,0
21432,1
13301,1
34976,0
14466,0
26343,0
33167,1
14871,1
32911,0
23860,1
13904,0
32796,1
11762,1
35305,1
23981,1
13445,0
30195,0
33439,1
13629,0
18759,0
21027,0
31555,1
18504,0
28608,0
19128,0
22564,0
17044,1
32627,0
18078,1
12798,0
35483,0
28247,1
38403,0
10710,1
10674,0
19574,0
23171,0
38057,1
24222,0
20252,1
15862,0
30890,1
28671,0
30730,0
20885,1
32555,0
39086,0
35489,1
18344,0
36489,0
12783,1
26263,1
27581,0
20633,0
26043,0
39203,0
31104,1
28833,0
18559,0
34459,0
36747,1
20234,0
35248,0
29313,0
16204,0
14591,0
38241,1
32981,0
35857,0
38793,0
11181,1
37953,1
38742,1
23061,1
20862,0
14410,0
23277,0
13926,0
16531,0
34889,0
12088,0
39505,1
38651,0
23848,0
12072,0
27997,0
38973,0
28374,0
36674,0
29600,1
29307,0
11896,1
27123,1
19102,0
26754,1
12146,1
37063,0
24204,0
38474,1
32832,0
38047,1
21184,1
31475,0
33699,1
30712,0
35316,1
25383,1
35045,1
33958,1
25945,1
19985,1
21193,1
16837,1
33890,1
11953,0
11367,0
24966,0
38740,0
12155,0
11832,1
30535,1
37726,0
13947,0
34306,0
30218,0
24300,1
29627,1
31209,0
38655,1
13171,1
18046,0
11590,0
15103,0
23313,0
21325,0
27426,1
38857,1
19387,0
29755,0
11241,1
17945,0
11524,0
12772,0
14296,1
23361,0
39287,1
16962,1
36544,0
16157,0
33672,1
16718,1
22000,0
22791,0
17297,0
20820,1
25027,0
12532,0
12005,0
38772,1
19571,1
22912,0
36326,1
21876,1
36101,0
11990,0
24037,1
31572,1
27244,0
14742,1
13536,1
35769,1
15438,1
10686,1
31303,0
16863,0
11565,1
21506,1
19039,0
31707,0
13699,0
20617,0
21488,0
22635,0
21582,0
20837,0
36321,0
23070,1
31671,0
39268,1
30521,1
21232,1
34985,0
37574,1
22843,1
28232,1
10982,0
32245,0
14678,0
10337,0
16140,0
36778,1
33865,0
14771,0
35705,0
28644,0
17953,1
14332,0
38349,1
17259,0
25685,0
36767,0
18947,0
18605,0
22019,0
36173,0
26526,1
23412,0
38391,0
30785,1
30225,0
14426,1
18063,1
38361,0
14070,1
22124,1
15709,0
11763,0
10355,0
26052,1
37293,1
14266,0
13861,1
18732,1
17561,1
38373,0
33139,1
35652,0
22936,1
34779,0
22311,1
34298,0
29737,0
22185,0
15425,0
32109,0
16866,0
18545,1
33108,0
16600,1
16271,0
16660,0
15576,0
24176,0
25279,0
14383,0
14858,1
39458,0
19546,1
33660,1
35066,1
37646,0
20160,0
16087,0
19971,0
25605,1
11585,1
11588,0
33938,0
12414,0
30937,0
15245,0
35845,0
10278,1
15741,1
11489,0
35752,1
30757,0
33768,1
17643,0
16332,1
15988,0
24543,0
13230,0
18076,1
10058,0
38738,1
22478,0
21146,0
22486,0
11119,0
18664,1
27167,0
20105,1
33147,0
36179,0
11865,0
24572,1
22041,0
39508,1
21554,0
37162,0
18706,0
34553,1
38923,1
19787,0
33177,1
15111,0
34822,0
38176,1
32147,0
11808,0
24828,1
39214,1
28076,0
10323,1
12480,1
10405,1
34644,0
26960,0
30962,0
15946,1
24825,0
31415,0
35952,1
35433,1
15540,0
27091,1
39037,0
37347,1
32040,1
18066,1
13955,0
16352,1
23686,0
23683,1
16073,0
33565,1
23733,1
18182,1
19046,1
19032,0
36507,1
21484,0
37652,0
14109,0
15377,0
37946,0
37181,0
12401,1
10830,0
33876,0
38103,0
39623,1
29242,1
19731,0
33509,0
25158,1
12294,0
36317,0
15968,0
34078,1
18576,0
34448,0
34523,1
39842,1
23988,1
25463,0
10871,1
33836,0
34670,0
11374,1
19792,1
24964,0
19857,1
31431,0
15918,0
19257,0
19258,0
28669,1
32435,0
19926,0
37800,0
16299,0
34755,1
30423,0
18933,1
28538,0
37298,1
31101,0
22868,1
11583,0
30593,0
24401,0
34258,0
24109,1
23442,0
36537,0
30719,0
38230,0
11528,1
17024,1
30110,0
38538,0
28830,1
18629,1
16367,0
24161,1
13823,0
17267,0
33038,1
29346,0
22067,0
26885,1
35894,0
37627,1
35708,0
12924,1
39313,0
32239,0
27311,1
22379,0
28249,1
34579,0
28369,1
30101,0
10578,0
16294,1
25921,0
16877,1
33548,1
13542,0
19536,1
36032,1
13132,1
11461,0
13675,1
11352,1
34591,1
32132,1
36210,0
19735,1
27254,1
26890,0
37563,1
18030,0
19410,1
33106,1
36270,0
12250,1
31652,0
11123,1
26979,0
20229,0
34999,1
21754,0
27556,0
37545,0
30740,0
31463,0
37831,0
36359,1
26858,1
32461,0
21543,0
27307,0
23358,1
31794,1
17547,0
37342,1
35777,1
35301,0
22630,1
12656,0
37373,1
26208,0
19298,0
29059,1
38896,1
38767,0
37580,1
20481,0
22323,1
34430,1
26600,0
39575,1
30936,0
11844,1
39853,0
18721,1
12742,1
14632,0
30172,0
36811,0
29049,0
12944,1
26049,0
34185,1
35125,1
16516,0
37853,1
36482,1
19113,0
25717,1
36421,1
11840,1
24844,1
23276,0
23016,1
21878,1
36615,0
22338,1
28349,1
19482,0
26144,0
39426,0
19233,0
37439,1
21507,1
16047,1
30019,0
23038,0
30403,0
39902,1
20444,1
26154,0
13603,1
26110,0
31800,1
28719,0
25007,1
34043,1
22825,1
30092,0
19098,1
30665,0
15175,0
19963,1
23542,1
28060,0
17251,0
28736,1
14267,0
12977,0
30331,0
17895,0
39534,1
21860,1
13700,0
31388,0
21714,1
18158,0
24736,0
37242,1
26235,1
35318,0
19238,0
14354,1
29001,0
13026,0
37407,1
27071,1
23471,1
21389,1
37758,0
31715,0
31763,0
18225,1
29173,0
34349,0
19462,0
20247,0
31619,0
34835,0
21922,0
26708,1
14754,0
27973,1
13137,0
15902,1
12232,1
31563,0
11021,1
16477,0
17159,1
31396,0
17551,1
11788,0
32635,1
27875,0
26778,0
26962,0
39594,0
39717,0
21286,1
33353,0
19114,1
39353,0
18086,0
36292,0
30938,0
30888,0
11782,0
19864,0
19734,0
31634,0
34692,0
24809,0
17052,1
32516,0
16373,0
39447,0
28536,0
20935,0
14042,1
34108,0
12752,0
22247,0
39177,1
18118,1
11942,1
39485,0
25798,0
13382,1
11752,1
16727,0
38446,0
14316,0
11599,1
35637,0
20825,0
33250,1
34161,1
32714,0
31340,0
31785,0
36312,1
19924,0
16793,0
16462,0
19680,0
23609,0
38479,1
12719,1
35649,1
13378,1
12707,1
16215,1
15465,0
17903,1
36907,0
28834,0
20124,0
29391,0
36773,0
28462,0
24474,0
14450,1
10744,0
12543,1
27965,0
18841,0
25924,0
35412,0
16574,0
28583,1
11967,1
26537,0
20032,0
25269,0
19631,1
30844,0
13892,0
16376,0
35294,0
38708,1
39056,0
19003,0
21358,0
11860,0
13701,1
39585,0
29248,0
34829,1
37939,0
22469,0
37480,0
14666,0
25738,1
10437,0
39300,1
16250,0
23650,0
19382,1
30475,1
22443,1
17868,0
11225,0
33943,1
34122,1
24610,1
16399,1
34202,1
26810,0
10081,1
34980,0
25953,0
30396,0
24606,1
13505,0
20993,1
25449,0
27296,0
30908,1
22116,1
22025,0
34774,1
32577,0
22073,0
15467,0
14908,0
14939,0
39039,1
18794,0
16915,0
38082,1
19636,0
22460,1
10937,0
19635,0
39297,1
20754,0
17713,1
30773,1
13992,0
30098,0
15408,0
10670,1
13646,0
36039,0
13200,0
19077,0
35068,0
36236,1
13805,0
35140,1
39415,0
24819,1
28018,0
27394,1
11793,0
29311,1
25231,0
14996,0
11326,0
22561,0
13273,1
27420,0
19327,1
31793,1
16147,0
31405,0
18188,0
14649,0
16557,0
35773,0
34818,1
11770,0
23158,0
34072,1
17609,1
25567,0
11922,0
22514,0
38039,0
37336,0
26203,1
12122,1
34091,0
24245,0
15397,1
16403,0
16033,0
12859,1
28299,0
18223,1
37000,1
12067,1
24443,1
35455,0
33224,0
14313,0
16766,0
38803,0
29684,0
23142,0
33579,1
35011,0
28323,1
31332,0
16702,0
19275,1
12145,0
27730,0
18421,1
10306,1
19293,0
25262,1
33739,0
14564,0
24929,0
32113,0
39003,0
17254,0
17055,1
22182,0
38629,0
15759,0
13446,0
12577,0
21829,0
17285,1
22237,0
32181,0
29799,0
32409,1
37420,1
33302,0
20024,0
37169,0
32599,1
11773,1
16004,0
26697,0
19372,0
20881,0
27510,0
26662,0
30267,0
15322,0
16263,0
23662,0
28089,1
25318,1
16377,1
31030,0
30298,0
17896,1
29481,1
11626,1
11606,1
38299,0
18612,1
23274,1
22297,0
10444,0
36637,0
37978,0
24505,1
37358,1
33617,0
36675,1
32218,0
38946,1
10219,1
14725,1
10429,1
30751,0
33176,0
21726,0
32800,1
11917,0
10157,0
14056,1
13141,0
23525,0
10897,1
26553,1
17167,0
12778,0
14147,1
19837,0
14167,1
27266,0
24673,1
15652,0
23773,0
24102,0
18667,0
33805,1
29813,0
16412,0
34633,1
19221,0
34512,0
11797,0
35167,0
29045,1
29002,0
34398,0
35790,0
39939,1
36225,0
33034,1
31888,1
23616,0
37991,0
20762,1
17021,0
37014,0
12366,0
15878,0
24312,0
21590,1
11253,1
36151,0
20799,0
12452,1
16237,1
28459,0
29268,0
19559,0
31688,0
12827,0
29918,0
16691,0
28227,0
14608,0
11884,0
21426,0
33740,0
34824,0
28070,1
27903,0
30920,1
13010,0
35646,1
22921,1
37567,0
19211,0
36565,0
38559,0
12051,1
23538,1
11416,0
36519,0
26780,0
12074,0
29606,0
39102,0
10184,0
12354,0
38769,0
35697,1
11150,1
18722,0
12870,1
12504,1
29967,0
36916,0
16187,1
12745,0
21502,0
19201,0
20503,0
23671,1
34516,0
21950,1
37894,1
28454,0
13411,0
19700,1
26245,0
35459,1
23842,1
26709,0
29583,1
37637,1
10901,0
36435,1
37473,0
33401,0
10183,1
14944,1
11252,1
16404,0
17208,1
20142,0
37123,1
27115,1
30704,0
22725,1
16579,1
34594,0
18465,1
16800,0
18013,0
25025,0
38894,0
38614,0
14239,1
12325,1
29420,1
31173,1
32173,0
23352,1
33939,1
10294,0
16479,0
26828,1
19517,0
23809,0
36372,0
39072,0
18695,0
34478,0
24906,0
12911,0
17597,1
13212,0
30090,0
20743,0
19063,1
37191,1
27813,1
27638,1
25475,0
17088,1
13548,1
21354,1
13224,0
19099,0
32070,1
11690,0
15693,0
20893,0
15799,0
16220,0
18065,0
10911,1
14489,1
24522,1
35569,0
20606,1
34996,1
14365,1
11174,1
13079,1
36765,0
35246,0
29872,1
38055,0
18042,0
35411,1
24021,0
15354,0
28416,1
23081,0
13447,1
38822,0
10960,0
19521,0
35846,0
32905,0
28334,0
21959,1
33095,0
18967,0
16110,0
20447,0
28982,1
22594,1
26232,0
10378,0
13395,0
39748,0
12081,1
18256,0
16809,0
18884,1
32883,0
32551,0
24310,0
21642,1
16164,0
15301,0
15271,0
29608,0
26613,0
19755,0
39597,0
12376,1
35956,0
34989,1
21775,0
16784,1
10330,1
32761,1
11279,0
24410,0
31001,0
18573,0
29831,1
19666,0
32887,0
10344,0
23931,0
31907,1
29551,0
25846,0
28935,0
11234,1
16733,1
39970,0
34878,0
35505,0
10716,1
13679,0
35684,0
14668,0
28371,0
38533,0
10734,1
33392,0
31079,0
29299,1
33948,0
23203,0
33773,1
14497,0
38816,1
15589,1
30109,1
14879,0
16810,0
10752,1
19975,0
33369,0
32104,1
36180,0
27752,0
10602,0
23134,1
25787,0
25313,1
20166,0
24643,1
13222,0
34771,0
10965,0
11342,1
17562,1
24954,0
18772,0
28094,0
28985,1
34369,0
16320,0
15774,0
31756,0
12013,0
32254,1
35321,0
36282,1
26799,1
21879,0
32962,1
32958,0
39156,0
12345,0
31861,0
31740,0
31920,1
39273,0
38812,0
36152,0
11261,1
26760,0
24671,0
27281,0
36095,0
21958,0
19512,0
25168,0
10987,0
30032,0
27294,0
38531,1
35077,0
24555,0
12835,0
11145,1
29992,1
34156,1
10037,0
35513,0
35314,0
12041,0
26143,1
38127,1
16038,0
10239,0
20240,0
26915,1
24467,0
38874,0
31854,0
13959,1
24904,1
37146,1
13706,1
25656,1
17281,1
38475,1
35552,0
31687,0
38575,0
25165,0
33863,0
30431,1
36579,1
13482,1
22267,0
36451,0
22052,1
15525,1
23498,0
39295,1
19987,1
35113,1
25418,0
39590,1
25505,1
23494,1
30727,0
11829,0
36736,0
21230,0
10684,1
39368,1
35128,0
14854,1
20354,1
33223,0
26789,0
33063,0
38420,0
33807,0
10482,0
31653,0
22268,1
31932,1
36926,0
33518,0
32543,0
27996,0
38557,1
32641,0
28020,0
35622,0
24612,1
16447,1
27887,1
25594,0
22032,0
21258,1
14506,0
12157,0
37796,0
23935,0
37868,1
22639,0
16744,1
18345,1
10028,1
31390,1
17502,1
29516,1
29653,0
34782,0
37815,1
38863,0
29135,0
30987,0
13081,0
26570,0
21273,0
22827,0
31605,0
19712,0
12018,0
37787,0
29176,0
17955,0
31931,1
13803,1
28311,0
38249,0
32360,0
39192,0
10203,1
34739,1
17484,0
13715,0
18740,1
20421,0
32137,1
38941,0
26108,1
10232,1
14154,0
17337,0
11765,0
12506,1
27030,1
27514,1
28754,0
29841,0
35212,1
34862,0
30080,1
19317,0
28533,0
27282,0
17804,1
24955,1
39560,0
15251,0
18562,1
12590,0
29023,1
37390,0
35183,0
17436,0
21699,0
38960,1
26455,0
25795,1
36904,0
36909,1
11614,0
37410,0
13777,1
17677,1
31454,0
24143,0
22180,0
25201,1
16442,1
21527,0
38721,1
22956,1
16202,1
34140,1
36938,0
39858,0
23798,0
28340,0
38470,0
35090,1
21315,1
30284,0
11010,0
18733,1
39277,1
19450,1
13707,1
31631,0
14014,0
10272,1
23545,0
13291,0
28639,0
19841,0
34699,1
39113,1
34223,0
29712,0
15472,0
10243,1
33074,0
11318,0
24406,1
34840,0
31326,0
25040,0
35633,1
39846,0
33182,0
12578,0
29109,1
31976,0
38561,0
15870,1
30825,0
21652,0
32885,0
10215,0
34222,0
22385,0
22819,0
21645,0
10212,0
24304,0
23009,0
16289,1
32483,0
31612,0
38397,1
24624,0
16575,1
27279,0
34303,1
37212,0
10737,0
27990,0
13205,0
16369,0
11693,0
17909,0
38771,0
30287,1
14660,1
19979,0
37881,0
35313,1
23918,0
17979,0
34312,0
10925,0
38961,1
24721,0
36717,1
17575,0
33039,1
24999,0
20649,0
21250,0
31791,1
38096,0
33451,0
32654,1
24368,1
19020,1
26617,1
24177,0
33375,0
27107,1
21082,0
28101,1
33985,0
32456,1
38377,1
17066,1
15800,0
16562,0
16336,1
18718,1
16282,1
12737,1
19490,0
29371,0
39633,0
20073,0
39442,0
10176,0
16034,1
19306,0
37174,1
19784,0
31281,1
10023,0
30598,1
17751,0
31509,1
33881,1
31240,0
37248,0
23372,0
16734,0
31032,0
11185,1
36636,0
16313,0
32593,0
13938,0
28938,0
27062,0
20140,1
15916,1
15542,0
32123,0
33035,0
19087,0
37983,0
10899,1
26045,0
24100,1
39930,0
19324,1
13957,0
22704,0
13037,0
20529,1
25564,0
34495,1
39886,0
14531,0
27153,0
38340,0
37592,0
36982,0
33826,0
29305,1
26818,1
23659,1
17105,0
16285,0
30186,0
24668,1
19103,1
30481,0
28271,1
26378,1
37625,0
23696,0
23067,0
37264,0
23278,0
15002,1
22174,1
32002,0
23891,0
34336,0
13860,1
26747,0
34049,0
19684,0
10233,1
36065,0
23697,1
30716,0
24131,1
17673,0
23852,0
30129,1
32916,1
27086,0
16756,0
26603,1
10895,1
35900,0
10354,1
24053,0
37487,0
11555,0
11867,0
19569,1
12038,1
30177,1
34666,0
31937,0
34770,0
25790,0
17097,0
21932,1
38005,1
19179,0
19314,1
22755,1
34767,0
31606,0
14806,0
24590,0
13605,1
26325,0
12159,0
33574,1
13949,1
28140,1
11414,0
13364,0
13232,0
33898,1
38892,0
29132,0
39871,1
14226,1
38910,0
30097,1
26274,0
21894,0
12490,0
12265,0
17456,1
39176,0
38114,0
29975,1
26371,0
31046,0
36851,0
37095,1
10231,1
27395,0
11353,0
35979,1
39605,1
37187,1
12276,0
11836,0
24500,1
37283,0
15479,0
13755,0
16582,0
29991,0
10394,1
20853,0
33284,1
36595,0
14921,1
11362,1
27798,1
12356,1
18367,0
23812,0
12407,0
36103,0
19160,0
15829,1
37805,1
15847,0
18230,0
22679,0
25274,1
13476,0
32877,0
39225,0
15499,1
24189,1
31616,0
14340,1
31346,0
30776,1
38009,0
34967,0
39034,0
23612,1
17368,0
15366,0
21318,0
30103,1
29218,0
25694,1
29815,1
11056,1
35339,0
36966,1
18758,0
37140,1
14492,0
28049,1
10870,0
26319,0
15158,1
33761,1
16638,1
12872,1
39046,0
23881,1
29235,0
11923,1
32843,1
30958,0
32233,0
34235,1
36688,1
24503,1
11912,0
31412,0
19874,1
39960,1
11476,1
22434,0
21935,0
19797,1
37825,1
26650,1
39146,1
20859,1
30809,0
28828,1
39693,1
18308,1
17184,0
34275,0
21536,0
12902,1
23143,0
24893,1
19411,0
13628,0
30025,0
22170,1
33512,0
39740,1
21977,0
21952,0
34324,1
10787,1
13367,0
26712,1
38372,1
15979,0
10728,0
30465,0
35763,0
28524,0
31093,1
28759,1
22439,0
15934,0
14137,1
28786,0
30931,0
26555,0
19801,0
36971,0
34425,1
27600,0
14508,1
39308,0
34959,1
25606,1
25081,1
11055,1
31792,1
24036,0
12048,1
21444,1
33128,0
31716,0
32845,0
31387,1
21279,1
37442,0
15139,1
22829,0
11189,1
11911,0
11982,0
18051,0
10786,1
28399,0
36438,0
27445,1
15167,0
18694,0
39331,0
38300,0
17270,0
20251,0
23299,0
16578,0
15038,0
19695,1
13214,0
13168,0
10271,1
38093,0
20960,1
22428,1
29919,0
10854,0
31223,1
39994,1
15570,0
17645,1
13587,1
22470,1
30380,1
30745,0
18115,0
20011,1
25095,0
38034,1
25278,0
19811,1
37909,0
31027,0
32124,0
15725,1
31801,0
16530,1
22647,0
38145,1
25976,1
14796,0
16966,1
15009,0
38795,1
16862,0
12770,1
12327,1
31040,0
11246,1
22795,0
33848,0
17845,1
31250,1
37106,1
38550,1
37862,0
13499,1
31513,0
14788,0
20582,0
37813,0
38545,0
31980,0
17341,0
18328,1
24360,0
14952,1
31385,0
19853,0
13319,0
17916,1
24113,0
20237,0
14032,1
19328,1
16934,0
38947,0
27202,1
23900,0
17028,0
12493,0
34033,1
33242,0
38101,0
25619,0
13911,1
29127,1
32357,1
15965,1
32267,1
28565,0
16642,0
10826,0
23467,0
31581,0
13089,0
35724,1
34483,1
12302,0
32582,0
13981,0
20957,1
24206,0
36040,0
38028,0
11397,0
21322,0
20381,1
17538,1
15572,0
35052,1
24907,0
15497,0
33382,0
19623,0
22565,1
22849,0
34534,0
29165,0
20555,0
26888,1
23491,0
26881,1
12910,1
32647,0
22691,1
28086,1
14812,1
32177,0
36060,0
26159,0
35667,0
20076,0
25338,1
32020,0
26331,0
11598,1
11732,0
32568,0
23129,1
22908,0
36064,1
24369,1
21393,1
15872,1
23622,1
31205,0
31162,0
14737,1
32336,1
14895,1
36335,0
22632,0
23507,1
19062,0
18821,0
24442,1
27928,0
21827,1
21731,1
37876,1
10484,0
19147,1
32795,0
13670,0
33436,1
32141,0
19913,1
13829,0
33623,0
21321,0
22117,0
33429,1
29651,0
26692,1
12694,1
31457,0
10264,0
11631,0
27669,0
23991,0
15091,1
22788,1
30976,0
38948,1
22620,0
37745,0
25565,1
25633,1
20403,0
35970,0
32328,0
19388,1
16842,1
17364,0
13399,1
32569,1
38100,0
17966,0
26359,1
25821,0
31627,1
29228,0
32766,0
30295,0
20322,0
15001,1
27622,0
31805,1
25173,0
38017,0
23945,0
29129,0
11285,1
38041,0
23401,0
31921,1
11713,0
37280,0
15624,0
14401,0
12380,1
23426,0
29511,0
14621,0
23593,1
11186,1
29054,1
16150,1
33734,1
25219,0
28868,0
30544,0
13376,0
15162,1
11527,1
27286,0
24103,1
22928,0
20453,0
21607,0
26069,1
25621,0
25627,0
28762,1
35394,0
35419,0
34159,1
17580,1
18830,1
36434,0
16590,0
14453,1
11278,0
32468,0
36965,0
17571,1
23396,0
28779,0
17420,1
28588,0
20460,0
10218,0
12007,0
18652,0
13331,1
34769,0
31880,0
37266,1
20294,0
21297,1
25844,0
39568,0
10587,1
35434,0
21499,1
13110,1
15956,0
27526,0
32498,0
11141,1
27231,1
12273,0
10555,0
37440,0
20730,0
21648,1
34554,0
21083,1
27013,0
21026,1
19936,1
21653,1
11221,0
25796,0
20974,1
33906,1
38707,1
18823,0
15734,0
20901,1
30202,0
12595,1
20047,0
13847,1
21730,1
36538,1
11286,0
10783,1
22619,0
32835,0
35126,0
33440,0
12315,1
27840,1
19692,1
39647,0
15612,0
11877,0
22402,0
33321,1
25450,0
13032,0
31925,0
36779,0
22262,0
21919,0
29695,0
36648,1
24700,0
29668,1
24649,1
26388,1
34115,1
21105,0
17360,0
22836,1
26866,1
27545,0
27191,0
32929,0
22290,0
30398,0
19742,1
11898,0
16124,0
35056,0
29223,0
27112,1
11535,0
23894,0
36067,0
33952,0
31029,0
23043,0
38495,1
23749,0
31689,1
19044,0
12885,1
10590,0
25648,1
23022,0
14402,0
25674,1
22907,0
14134,0
33501,0
26148,0
27657,1
29171,1
26030,1
16114,1
32065,1
19452,1
37013,0
12392,0
13417,1
28778,1
23751,0
15618,0
18882,0
36494,0
16860,0
16436,1
13160,0
13624,0
25997,0
13101,1
11060,0
15200,1
10583,1
18874,0
30300,0
16060,0
12582,1
26340,1
32878,1
14043,1
38263,0
16754,0
22002,1
11087,1
17626,1
38396,0
11023,0
12082,0
31901,0
12970,1
26927,1
36969,0
14724,0
13580,0
29231,0
33479,0
34400,1
35562,0
11156,1
30140,1
34249,1
24525,1
12789,0
26463,1
22140,1
18588,0
20218,0
23737,1
24006,0
37031,0
15690,0
36106,0
21930,0
30499,0
27119,0
25067,0
37186,0
11030,0
17658,1
28585,0
13322,0
26406,0
14529,0
34793,0
10476,0
28650,0
11960,0
30273,0
31064,0
22852,0
37258,1
25296,0
25529,0
17893,1
23024,1
12441,0
18497,1
11445,1
18770,0
26528,1
13035,1
27927,0
20865,0
14263,0
32640,0
30183,0
17928,0
27698,1
26878,0
34642,1
34608,0
12657,1
10501,0
28746,0
31615,0
23766,0
27668,0
31833,0
37371,0
36681,0
13780,0
18707,0
38137,0
19634,0
21794,0
25867,0
27551,1
34228,1
20752,0
14507,0
33544,0
29573,1
24812,1
24776,0
27330,0
19023,1
12037,1
32540,0
36345,1
11755,0
28747,0
10701,0
12173,0
21106,0
22761,0
15098,0
26823,0
23464,0
32340,1
22547,1
10821,1
10833,0
27629,0
34177,1
10540,1
18453,1
22787,1
13529,0
38586,0
28267,1
14573,0
11543,1
22221,1
11807,1
34286,0
38423,1
32148,1
29274,0
16918,1
27238,1
32733,0
30314,0
10662,0
10434,1
10004,0
24902,0
37399,1
10978,1
14106,0
13669,1
10609,0
11676,0
37990,0
39586,1
32970,0
23363,0
23495,1
34273,0
11383,0
27265,0
21181,1
30115,0
30085,1
30200,1
23804,0
14819,1
36849,1
11790,0
20958,0
25581,0
13308,0
21788,0
13300,1
20889,1
15901,0
39746,0
14502,0
27512,0
24826,0
25842,0
30066,0
14509,1
16100,1
32789,1
25701,1
13826,0
12487,0
28234,0
22155,0
36627,0
20183,1
38808,0
16161,0
27688,0
32091,1
32191,0
14415,0
23258,0
29423,1
17517,0
35072,0
36979,1
10913,0
22126,0
11819,1
37750,1
35448,0
27251,1
13685,1
27916,0
15845,0
30031,0
31429,1
10249,0
26302,0
25435,0
28468,0
38776,0
14166,0
17565,0
14160,0
10169,1
30755,0
37569,0
32309,0
39167,0
18913,1
19027,1
17652,1
30155,0
25335,1
12881,1
34733,0
32824,0
17813,0
16740,0
30584,1
14224,0
30023,0
17717,0
33129,0
31742,1
32420,1
26836,0
24785,0
11490,1
24764,1
12176,1
15043,0
32769,0
33650,0
29037,0
12501,0
13227,0
35512,0
15351,0
22677,1
27534,0
17967,1
33953,1
39881,1
24821,0
36923,1
36856,1
36155,0
18554,0
35931,0
39024,0
19468,0
12951,0
21489,0
15077,1
35715,0
